"tweet_id","in_reply_to_status_id","in_reply_to_user_id","timestamp","source","text","retweeted_status_id","retweeted_status_user_id","retweeted_status_timestamp","expanded_urls"
"420264831539630080","","","2014-01-06 18:45:18 +0000","web","We predict that #digitalfinance+ will make the list in 2014! http://t.co/pxflEBAueC @CGAP @thetenthkabir @Cam_Tellez","","","","http://www.cgap.org/blog/mobile-money-10-things-you-need-know#"
"419551618745397248","","","2014-01-04 19:31:15 +0000","web","Want to use your software skills to bring clean energy to millions? We want you! Angaza is hiring-Software Engineer! http://t.co/lMyaiZwcX5","","","","http://www.angazadesign.com/jobs/software-engineer/"
"419527321536577536","","","2014-01-04 17:54:42 +0000","web","Great to hear Paul @bragiel on @NPR this morning! Good luck qualifying for the Olympics - we're pulling for you! @io @SavannahFund","","","",""
"417709114198736896","","","2013-12-30 17:29:48 +0000","web","Pleased to see such innovative ventures supported by @PoweringAg. Congratulations @EarthSparkIntl @futurepump and others!","","","",""
"417488110037921792","","","2013-12-30 02:51:36 +0000","web","Looking forward to seeing new engineered solutions for the developing world at the ID Meetup @TechShop next month!http://t.co/GsSWcVHCLS","","","","http://bit.ly/1eKnlQv"
"416623229583642624","","","2013-12-27 17:34:53 +0000","<a href=""http://twitter.com/tweetbutton"" rel=""nofollow"">Tweet Button</a>","RT @makower: How Simpa, Azuri &amp; Angaza make #solar affordable for all http://t.co/IvWahLrU6d
@simpanetworks @azuri_tech @angazadesign #GrnBz","416594819188658176","15198966","2013-12-27 15:41:59 +0000","http://www.greenbiz.com/blog/2013/12/27/simpa-azuri-angaza-solar-affordable,http://www.greenbiz.com/blog/2013/12/27/simpa-azuri-angaza-solar-affordable"
"416295978631589889","","","2013-12-26 19:54:30 +0000","web","Excited to support @EcoEnergyFinanc campaign for PAYG lanterns in #Pakistan!","","","",""
"414534337854332929","","","2013-12-21 23:14:22 +0000","<a href=""http://twitter.com/download/android"" rel=""nofollow"">Twitter for Android</a>","Plenty of excellent #IoT resources: http://t.co/tjXWD6r5TD , look forward to seeing applications in international development.","","","","http://bit.ly/18FjKR2"
"414173375406157824","414171368087748608","14947636","2013-12-20 23:20:02 +0000","web","@Mbwana thanks for joining us @hatterykitchen - see you soon in #africa!","","","",""
"413809417193140224","","","2013-12-19 23:13:47 +0000","<a href=""https://about.twitter.com/products/tweetdeck"" rel=""nofollow"">TweetDeck</a>","The direct harm of energy poverty: indoor pollution from dirty fuels ""kills more people each year than malaria” http://t.co/NuhOiSFAIM","","","","http://arstechnica.com/science/2013/12/expanding-the-energy-economy-in-the-name-of-public-health/"
"413746906037121024","","","2013-12-19 19:05:24 +0000","web","Proud to be working with @KenyaCIC! They’re supporting our work with a proof of concept grant, excited to launch our collaboration in 2014!","","","",""
"413660606970220544","","","2013-12-19 13:22:28 +0000","web","RT @SolarAid: Solar lights transform lives. Thanks to @DFID_UK your donation will go twice as far. https://t.co/k7hyWbzUHn #UKaid http://t.…","413630386405515264","18196002","2013-12-19 11:22:23 +0000","https://www.solar-aid.org/donate/,http://twitter.com/SolarAid/status/413630386405515264/photo/1,https://www.solar-aid.org/donate/,http://twitter.com/SolarAid/status/413630386405515264/photo/1"
"413027353552359424","","208724738","2013-12-17 19:26:09 +0000","web","@barefootpower survey shows widespread #solar acceptance in #Kenya. 90% of respondents would recommend solar  http://t.co/R0ImYpZoTi","","","","http://twitter.com/mSurvey/status/412893618483904512/photo/1"
"412717925053636608","","","2013-12-16 22:56:35 +0000","web","RCTs play an ever-increasing role in development economics: http://t.co/KbzIngZSwc. Happy anniversary @JPAL_Global!","","","","http://www.economist.com/news/finance-and-economics/21591573-once-treated-scorn-randomised-control-trials-are-coming-age-random-harvest"
"412708140941967360","","","2013-12-16 22:17:43 +0000","<a href=""https://about.twitter.com/products/tweetdeck"" rel=""nofollow"">TweetDeck</a>","""charging a phone in rural Africa is insanely expensive""  http://t.co/XAbAdHa22g business model + tech + 253 million phones #theplan","","","","http://blogs.scientificamerican.com/plugged-in/2013/11/26/charging-a-mobile-phone-in-rural-africa-is-insanely-expensive/"
"412346509137805312","","","2013-12-15 22:20:43 +0000","<a href=""http://twitter.com/#!/download/ipad"" rel=""nofollow"">Twitter for iPad</a>","When learning from users, the magic question is ""why?"" ... Yes/No questions don't reveal those deeper customer insights. #designthinking","","","",""
"412043418873761792","","36077714","2013-12-15 02:16:21 +0000","<a href=""http://twitter.com/download/android"" rel=""nofollow"">Twitter for Android</a>","@engineer4change solutions library with projects addressing the need for coherent access to relevant data:  http://t.co/6Inq3SHgyO","","","","http://bit.ly/1eep3JB"
"411608288539582464","","","2013-12-13 21:27:17 +0000","<a href=""http://twitter.com/tweetbutton"" rel=""nofollow"">Tweet Button</a>","RT @DIVatUSAID: Thanks to @angazadesign for the awesome newsletter pic! Read about their work in BoP Power! http://t.co/365iCUYVCy http://t…","411602787089526785","355550021","2013-12-13 21:05:26 +0000","http://goo.gl/fJ27kY,http://ow.ly/i/410RF,http://goo.gl/fJ27kY,http://ow.ly/i/410RF"
"411191152285466624","","","2013-12-12 17:49:44 +0000","<a href=""http://twitter.com/tweetbutton"" rel=""nofollow"">Tweet Button</a>","RT @CGAP: RT @Cam_Tellez: Moving poor people up the solar energy ladder- watch @angazadesign http://t.co/aQMY8d5Cgc @plugintheworld #se4all…","411121968348672000","16244517","2013-12-12 13:14:50 +0000","http://youtu.be/GQalhA1qL_w,http://youtu.be/GQalhA1qL_w"
"411015889283055616","","","2013-12-12 06:13:18 +0000","web","Happy Birthday #Kenya! We're excited to be here celebrating Kenya's 50th, and we can't wait to be part of an even brighter 51st! #jamhuriday","","","",""
"410917061934604290","","","2013-12-11 23:40:36 +0000","<a href=""http://twitter.com/tweetbutton"" rel=""nofollow"">Tweet Button</a>","RT @DIVatUSAID: Great seeing DIV grantees @angazadesign &amp; @InVenture today at the @echoinggreen All Fellows Conference! Keep up the great w…","410905566836301824","355550021","2013-12-11 22:54:56 +0000",""
"410451258621693952","","","2013-12-10 16:49:40 +0000","web","Great day exhibiting at the @KenyaCIC yesterday. @infoDev thanks for supporting renewable energy innovation in #Kenya.","","","",""
"410433485350785024","","","2013-12-10 15:39:03 +0000","<a href=""http://twitter.com/tweetbutton"" rel=""nofollow"">Tweet Button</a>","RT @CGAP: .@AngazaDesign is one of many companies helping to increase access to clean #energy with innovative financing http://t.co/3MprVvs…","410417524178575360","16244517","2013-12-10 14:35:37 +0000","http://goo.gl/I4YIif,http://goo.gl/I4YIif"
"410112645883109376","","","2013-12-09 18:24:08 +0000","web","RT @thetenthkabir: Tori @angazadesign Klara @plugintheworld @GrundfosUSA see @cgap #dfplus animation from partner event http://t.co/tLYMT8K…","410110025323917312","188281464","2013-12-09 18:13:44 +0000","http://tinyurl.com/oxka66z,http://tinyurl.com/oxka66z"
"410112406480642048","","","2013-12-09 18:23:11 +0000","web","Kenya Power investing in some much needed infrastructure upgrades: http://t.co/fNJ4u07c34, but not enough to service rural poor...","","","","http://www.standardmedia.co.ke/business/article/2000099723/kenya-power-roots-for-industrial-parks-to-stem-losses"
"409789713524875264","","","2013-12-08 21:00:55 +0000","<a href=""http://twitter.com/#!/download/ipad"" rel=""nofollow"">Twitter for iPad</a>","Headed to the Echoing Green All Fellows Conference in D.C. this week! Excited to see many faces, old and new. @echoinggreen #2013fellow","","","",""
"409201158176382976","","","2013-12-07 06:02:13 +0000","<a href=""http://twitter.com/download/android"" rel=""nofollow"">Twitter for Android</a>","Great time at #HardwareStartupSF meetup; looking forward to trying the desktop pick-and-place robot from @TempoAutomation!","","","",""
"405396620281257984","","","2013-11-26 18:04:20 +0000","<a href=""http://twitter.com/tweetbutton"" rel=""nofollow"">Tweet Button</a>","RT @DIVatUSAID: Frm start-up 2 servicing thousands w clean energy. Ready about Lesely, the #entrepreneur behind @angazadesign! http://t.co/…","405393985679527936","355550021","2013-11-26 17:53:52 +0000","http://www.flickr.com/photos/divatusaid/10956470124/,http://www.flickr.com/photos/divatusaid/10956470124/"
"405197645880111105","","","2013-11-26 04:53:41 +0000","<a href=""http://twitter.com/tweetbutton"" rel=""nofollow"">Tweet Button</a>","RT @OliverWagg: @EGGenergy's Yang @angazadesign's Marincola discuss pay-as-you solar energy financing at #CleanStart Connect http://t.co/MF…","405197243457630208","165603346","2013-11-26 04:52:05 +0000","http://twitter.com/OliverWagg/status/405197243457630208/photo/1,http://twitter.com/OliverWagg/status/405197243457630208/photo/1"
"405178544562507776","","","2013-11-26 03:37:47 +0000","<a href=""http://twitter.com/tweetbutton"" rel=""nofollow"">Tweet Button</a>","RT @echoinggreen: What's your problem? #EGFellows respond: http://t.co/fFE2QicG57 #socent #health #education Thx @GirlTrek @Enstitute @SJP_…","405140210520162304","14886176","2013-11-26 01:05:27 +0000","http://youtu.be/cg7EQaKVblg,http://youtu.be/cg7EQaKVblg"
"403644664642691073","","","2013-11-21 22:02:42 +0000","<a href=""http://twitter.com/tweetbutton"" rel=""nofollow"">Tweet Button</a>","RT @moWoza: 9 inspiring teams &amp; their big ideas in Africa, http://t.co/fmy60w0v80 Congrats to @sanagamoses , Lesley @angazadesign, Lauren @…","403540409454190592","19905978","2013-11-21 15:08:25 +0000","http://tmblr.co/ZOfcas_zVvwo,http://tmblr.co/ZOfcas_zVvwo"
"401201559809163264","401193622751563776","119614358","2013-11-15 04:14:40 +0000","<a href=""http://twitter.com/download/iphone"" rel=""nofollow"">Twitter for iPhone</a>","It's great to be back at @TheTechAwards one year later! Such inspiring work. Congrats to all 2013 Tech Awards Laureates! #TheTechAwards","","","",""
"401193622751563776","","","2013-11-15 03:43:08 +0000","<a href=""http://twitter.com/download/iphone"" rel=""nofollow"">Twitter for iPhone</a>","It's great to be back at @TheTechAwards one year later! Such inspiring work. Congrats to all 2013 Tech Awards Laureates!","","","",""
"400452419852570624","","","2013-11-13 02:37:51 +0000","web","New @EnergyAccessSF event coming up! Conversation with @JigarShahDC. More details here: http://t.co/5gjTjUp3gt","","","","http://energyaccess.eventbrite.com"
"398810680913977344","398475732370092032","471922198","2013-11-08 13:54:10 +0000","<a href=""http://twitter.com/tweetbutton"" rel=""nofollow"">Tweet Button</a>","@Cam_Tellez Thanks Cam! It was a terrific event.","","","",""
"397613808719384576","","","2013-11-05 06:38:13 +0000","<a href=""http://twitter.com/tweetbutton"" rel=""nofollow"">Tweet Button</a>","RT @sunfunder: RT @angazadesign: We only need 150 more votes to be eligible for a Chase small biz grant. Please take 5 sec to help: http://…","397369056074145793","411404227","2013-11-04 14:25:40 +0000","http://ow.ly/qrOY4,http://ow.ly/qrOY4"
"397083781804220417","","","2013-11-03 19:32:05 +0000","web","We only need 150 more votes to be eligible for a Chase small business grant. Please take 5 seconds to help. Thanks! https://t.co/FCC6kPJlYq","","","","https://www.missionmainstreetgrants.com/business/detail/53622"
"395953308319240192","","","2013-10-31 16:39:59 +0000","web","Happy Halloween from Angaza! Alternative use of our SoLite3 light? Lighting logo pumpkins! --&gt; http://t.co/KOgvz3epSZ","","","","http://twitter.com/angazadesign/status/395953308319240192/photo/1"
"395675483951464449","","","2013-10-30 22:16:01 +0000","web","ANGAZA IS HIRING for a number of positions (Software Engr, Wireless Engr, and Visual Designer) in our SF office! http://t.co/2MpUfiIfZ3","","","","http://www.angazadesign.com/contact-us/"
"395584537280786432","395530048851439616","471922198","2013-10-30 16:14:37 +0000","<a href=""http://twitter.com/#!/download/ipad"" rel=""nofollow"">Twitter for iPad</a>","See you in TZ! “@Cam_Tellez: Off to #tanzania for @cgap technology programme partner event and then @GSMAm4d summit in Cape Town”","","","",""
"390993481457336320","","","2013-10-18 00:11:24 +0000","web","Love visual design and emerging markets? Apply to be an Angaza Visual Design Fellow! http://t.co/SMnSdrqghu","","","","http://www.angazadesign.com/jobs/visual-design-fellow/"
"390885608018546688","","","2013-10-17 17:02:45 +0000","web","Please vote for us to be eligible for a $250k Chase grant. We only need 250, so your vote really counts! https://t.co/FCC6kPJlYq","","","","https://www.missionmainstreetgrants.com/business/detail/53622"
"390171223805538305","","","2013-10-15 17:44:03 +0000","<a href=""http://twitter.com/tweetbutton"" rel=""nofollow"">Tweet Button</a>","RT @lisa_ferg: 10 Incredible Millennials You've Never Met: http://t.co/AX0aYPaAwC featuring @angazadesign's Lesley Marincola","390167983768604672","256240026","2013-10-15 17:31:10 +0000","http://lisaferguson.tv/incredible-millennials/,http://lisaferguson.tv/incredible-millennials/"
"388332180046221313","388290233017434114","437543648","2013-10-10 15:56:21 +0000","<a href=""http://twitter.com/#!/download/ipad"" rel=""nofollow"">Twitter for iPad</a>","Congrats! “@JohnAKeane: #SunnyMoney has now sold &gt;700,000 #solar lights. 532,368 in last 12 mnths! That's 1 light a minute @SolarAid""","","","",""
"378208673354350593","","","2013-09-12 17:29:09 +0000","<a href=""http://twitter.com/tweetbutton"" rel=""nofollow"">Tweet Button</a>","RT @DIVatUSAID: #DidYouKnow East Africa has 300 mil+ offgrid consumers? Check out @angazadesign's clean energy solution! http://t.co/veU9ie…","378135705030914048","355550021","2013-09-12 12:39:12 +0000","http://tmblr.co/ZOfcasumWYOE,http://tmblr.co/ZOfcasumWYOE"
"377848523523239937","","","2013-09-11 17:38:02 +0000","<a href=""http://twitter.com/tweetbutton"" rel=""nofollow"">Tweet Button</a>","RT @DIVatUSAID: New @DIVatUSAID project @angazadesign will test PayAsYouGo financing to make offgrid #energy affordable 4 all! http://t.co/…","377845159385235456","355550021","2013-09-11 17:24:40 +0000","http://tmblr.co/ZOfcasumWYOE,http://tmblr.co/ZOfcasumWYOE"
"377836245797187584","","","2013-09-11 16:49:15 +0000","web","We're honored to join the portfolio @DIVatUSAID. Find out a bit more about our project here: http://t.co/nqrPtoAGLh","","","","http://www.angazadesign.com/wp-content/uploads/2013/09/Angaza_DIV_Release.pdf"
"375662671527280640","","","2013-09-05 16:52:15 +0000","web","Terrific to touch base with so many colleagues at the #energy access event last night. Thanks to @EnergyAccessSF for organizing!","","","",""
"372033903608877056","","","2013-08-26 16:32:49 +0000","web","RT @women2: PITCH Finalist: Winning Is Helping Us Bring Solar Power to Africa http://t.co/Cw8lxni1BS An interview with the co-founder of @a…","371988292407152640","14410280","2013-08-26 13:31:34 +0000","http://po.st/AqoVrY,http://po.st/AqoVrY"
"370989770790297601","","","2013-08-23 19:23:48 +0000","<a href=""http://twitter.com/tweetbutton"" rel=""nofollow"">Tweet Button</a>","RT @solarmosaic: 5 Market Innovations Revolutionizing Solar Energy in the Developing World http://t.co/k1mqGnaAF0 @Solar_Sister @simpanetwo…","370986877467512832","178968386","2013-08-23 19:12:18 +0000","http://mos.ai/13MeXKY,http://mos.ai/13MeXKY"
"368481671026188290","","","2013-08-16 21:17:31 +0000","web","#FF @EnergyAccessSF A great new group bringing together the Energy Access community in the Bay. Looking forward to the upcoming happy hour!","","","",""
"367454954203512832","","","2013-08-14 01:17:42 +0000","<a href=""http://twitter.com/tweetbutton"" rel=""nofollow"">Tweet Button</a>","RT @LinseedCapital: Leslie Marincola founder of @angazadesign describes novel  #solar technology in #Nebraska thanks to @Kalinder http://t.…","367453673225347072","942037549","2013-08-14 01:12:37 +0000","http://twitter.com/LinseedCapital/status/367453673225347072/photo/1,http://twitter.com/LinseedCapital/status/367453673225347072/photo/1"
"360085761770532866","","","2013-07-24 17:15:10 +0000","web","We need to find #hardware #startup friendly office space in SF or the Peninsula by the end of August. Any suggestions?","","","",""
"359719183774257152","","","2013-07-23 16:58:31 +0000","web","Happy Birthay @sunfunder! What a terrific first year! https://t.co/ab0LoVElUY","","","","https://www.facebook.com/photo.php?fbid=419167608196138&set=a.250762125036688.51475.201548233291411&type=1&theater"
"357862556922150915","","","2013-07-18 14:00:57 +0000","<a href=""http://twitter.com/tweetbutton"" rel=""nofollow"">Tweet Button</a>","RT @mtrends: How Mobile Technology is Transforming Africa http://t.co/zcyATgKAF0 incl. @fenixintl @mkopasolar @NuruEnergy @angazadesign @bu…","357831410008080384","264213","2013-07-18 11:57:10 +0000","http://tnw.to/r6Iy,http://tnw.to/r6Iy"
"357862461786963969","357830367446704129","264213","2013-07-18 14:00:34 +0000","<a href=""http://twitter.com/tweetbutton"" rel=""nofollow"">Tweet Button</a>","@mtrends thank you for including us in your excellent overview of current trends in Africa!","","","",""
"356820590105083906","","","2013-07-15 17:00:32 +0000","web","RT @BillGates: If I had to pick one thing to make cheaper and reduce poverty, it would be energy. Great to see this news: http://t.co/ZiKqE…","352166612591321089","50393960","2013-07-02 20:47:18 +0000","http://b-gat.es/11ZntQB,http://b-gat.es/11ZntQB"
"356580556416364544","","","2013-07-15 01:06:44 +0000","web","Our new website is launched: http://t.co/zqTEIP2YtI! Thank you @devonhirth, our amazingly talented, creative and professional web designer.","","","","http://www.angazadesign.com"
"355914516279730178","","","2013-07-13 05:00:07 +0000","web","RT @EnergyAccessSF: Thanks for your great insights on #paygo and #energyaccess at our SF workshop! @angazadesign @powerhive @lumeter","355911075922849792","1553847409","2013-07-13 04:46:27 +0000",""
"355743985676988417","","","2013-07-12 17:42:30 +0000","web","Thank you @johncary for insightful comments on #womenindesign, and the importance of gender-balanced leadership. http://t.co/E0wGnK6GOF","","","","http://www.ssireview.org/blog/entry/what_john_doerr_can_do_for_women_in_design?utm_source=Enews&utm_medium=email&utm_content=1&utm_campaign=From_Blog"
"355406676020568065","","","2013-07-11 19:22:09 +0000","web","RT @energyaccessPN: SF is full of innovative practitioners! Great talks @Powerhive @fenixintl @wecaresolar @SolarAid @angazadesign @sunfund…","355373279688658946","1119981175","2013-07-11 17:09:27 +0000",""
"354972802572500992","","","2013-07-10 14:38:05 +0000","<a href=""http://twitter.com/download/iphone"" rel=""nofollow"">Twitter for iPhone</a>","RT @VC4Africa: Check out this week's #trending #ventures http://t.co/NGvE9GW0VF Congrats! @Trokxi @angazadesign @ChibuzoAnaso #Africa","354922542630322176","18203224","2013-07-10 11:18:22 +0000","http://eepurl.com/B57Xj,http://eepurl.com/B57Xj"
"352917526667206656","","","2013-07-04 22:31:09 +0000","<a href=""http://twitter.com/#!/download/ipad"" rel=""nofollow"">Twitter for iPad</a>","RT @engineer4change: #Jobs: Angaza Design emerging-markets solar tech company in Calif. seeks an electrical engineer http://t.co/01aVXvXYYk","352846913902612480","36077714","2013-07-04 17:50:34 +0000","http://www.angazadesign.com/contact-us/#job-opportunities,http://www.angazadesign.com/contact-us/#job-opportunities"
"352582774554767362","","","2013-07-04 00:20:58 +0000","<a href=""https://about.twitter.com/products/tweetdeck"" rel=""nofollow"">TweetDeck</a>","""Why mobile payments will never take off [in the US]"" - Felix Salmon on payments in the US vs E Africa; interesting - http://t.co/naKuKlj7zT","","","","http://blogs.reuters.com/felix-salmon/2013/07/03/why-mobile-payments-will-never-take-off/"
"351886280931545092","","","2013-07-02 02:13:21 +0000","web","RT @fenixintl: Help #PowerAfrica now through the #buy1fund1 campaign! Click to buy your ReadySet and help provide Power for All http://t.co…","351848051062751232","174564305","2013-07-01 23:41:27 +0000","http://bit.ly/13ckzyi,http://bit.ly/13ckzyi"
"351886024433078274","","","2013-07-02 02:12:20 +0000","web","Nice op-ed by Chris Field @Stanford: http://t.co/wCoywtEvK6","","","","http://www.cnn.com/2013/06/28/opinion/field-obama-climate-change/index.html?eref=mrss_igoogle_cnn"
"351059112446001153","","","2013-06-29 19:26:29 +0000","<a href=""http://twitter.com/#!/download/ipad"" rel=""nofollow"">Twitter for iPad</a>","RT @echoinggreen: .@VikramAkula @SKSMicrofinance &amp; @AngazaDesign share their #innovations for economic development: http://t.co/EnJUdw4hQ0 …","351053117908979713","14886176","2013-06-29 19:02:40 +0000","http://ht.ly/muscz,http://ht.ly/muscz"
"350678097957355520","","","2013-06-28 18:12:28 +0000","<a href=""http://twitter.com/tweetbutton"" rel=""nofollow"">Tweet Button</a>","RT @echoinggreen: Our #summerfridays video series kicks-off today! Today features @VikramAkula &amp; @AngazaDesign: http://t.co/PvIav48Zz7 #soc…","350669597487276032","14886176","2013-06-28 17:38:41 +0000","http://ht.ly/mu5Cj,http://ht.ly/mu5Cj"
"350677858034794496","","","2013-06-28 18:11:31 +0000","web","Excited about @fenixintl Power for All BOGO campaign https://t.co/MGW5eMRj6S. Give the gift of #energy financing! @PeterJGlenn","","","","https://fenixintl.com/"
"350050357797339136","","","2013-06-27 00:38:03 +0000","web","We're fundraising to fuel our rapid growth! Follow us https://t.co/MbALvVBtEw @angellist","","","","https://angel.co/angaza-design"
"349911588272222208","","","2013-06-26 15:26:38 +0000","web","RT @Mbwana: Nice @angazadesign mention at @PivotEast from CGAP","349867760383303681","14947636","2013-06-26 12:32:28 +0000",""
"349911300547166209","","","2013-06-26 15:25:29 +0000","web","RT @zia505: Checking out Pay-As-You-Go solution to distributors of “pico-scale” energy products http://t.co/MRrjt5GaM6 @angazadesign @VC4Af…","349784737818230785","16347108","2013-06-26 07:02:34 +0000","http://vc4afri.ca/nr7bb,http://vc4afri.ca/nr7bb"
"349703968752017408","","","2013-06-26 01:41:37 +0000","web","We're hiring engineers...referrals and applicants needed! Find out more: http://t.co/2MpUfiIfZ3","","","","http://www.angazadesign.com/contact-us/"
"349629033593577472","","","2013-06-25 20:43:52 +0000","<a href=""http://twitter.com/tweetbutton"" rel=""nofollow"">Tweet Button</a>","We've updated our profile! http://t.co/XlXORzAUG2 via @VC4Africa","","","","http://vc4afri.ca/nr7bb"
"347884602418925569","","","2013-06-21 01:12:07 +0000","web","RT @solarmosaic: 7 Solar Innovations That Could Change the World http://t.co/nM9KFOoFyU  @etoncorporation @teslamotors @angazadesign @omcpo…","347883934949965824","178968386","2013-06-21 01:09:28 +0000","http://ow.ly/mf3Gf,http://ow.ly/mf3Gf"
"347400980784087040","","","2013-06-19 17:10:22 +0000","web","More great panelists confirmed for the upcoming #energyaccess event http://t.co/QINAXUkGOH @SolarAid @solarmosaic @Powerhive","","","","http://energyaccess.eventbrite.com/#"
"347019890139488258","","","2013-06-18 15:56:03 +0000","web","Registration open for #energyaccess event: http://t.co/QINAXUkGOH. Great group of innovators! @fenixintl @Kiva @Living_Goods @sunfunder","","","","http://energyaccess.eventbrite.com/#"
"344901631999094784","","","2013-06-12 19:38:51 +0000","web","RT @ignitegood: Group think tank on creating a movement @viarenuble , @shannonbindler, @angazadesign, @ShaneGring http://t.co/uP6V2drwvq #i…","344895414631292928","755210276","2013-06-12 19:14:09 +0000","http://instagram.com/p/aeFpniSCub/,http://instagram.com/p/aeFpniSCub/"
"344611949566365696","","","2013-06-12 00:27:46 +0000","<a href=""http://twitter.com/#!/download/ipad"" rel=""nofollow"">Twitter for iPad</a>","RT @ariannahuff: With @Phillycreator, @CharityMiles, and @angazadesign at #ignitionnyc http://t.co/C1bInMTeuN","344600680146812929","21982720","2013-06-11 23:42:59 +0000","http://twitter.com/ariannahuff/status/344600680146812929/photo/1,http://twitter.com/ariannahuff/status/344600680146812929/photo/1"
"344507299504721920","344504650118078465","75882114","2013-06-11 17:31:55 +0000","<a href=""http://twitter.com/tweetbutton"" rel=""nofollow"">Tweet Button</a>","@PeterJGlenn @fenixintl Thanks Peter!","","","",""
"344497804921671680","344495346082258944","1413741691","2013-06-11 16:54:11 +0000","<a href=""http://twitter.com/tweetbutton"" rel=""nofollow"">Tweet Button</a>","@HeyDeanRansom Thank you! We're honored to be recognized among such an incredible group.","","","",""
"344497423349059584","","","2013-06-11 16:52:40 +0000","web","So proud of Lesley, a 2013 @echoinggreen fellow. Congratulations to her incredible class of social gamechangers! http://t.co/5U3zbjVCXd","","","","http://www.echoinggreen.org/blog/introducing-2013-echoing-green-fellows"
"343432252321058817","343334008945524736","471922198","2013-06-08 18:20:04 +0000","<a href=""http://twitter.com/tweetbutton"" rel=""nofollow"">Tweet Button</a>","@Cam_Tellez  it was great to have you! Thanks for coming by.","","","",""
"343431801810866176","343334008945524736","471922198","2013-06-08 18:18:16 +0000","<a href=""http://twitter.com/tweetbutton"" rel=""nofollow"">Tweet Button</a>","@Cam_Tellez @angazadesign","","","",""
"343395681727283200","","","2013-06-08 15:54:45 +0000","<a href=""http://twitter.com/#!/download/ipad"" rel=""nofollow"">Twitter for iPad</a>","RT @Cam_Tellez: Fascinating site visit with the @angazadesign team getting a glimpse of the future of #solar energy delivery and #mobilemon…","343334008945524736","471922198","2013-06-08 11:49:41 +0000",""
"341602020874145792","","","2013-06-03 17:07:23 +0000","<a href=""http://twitter.com/#!/download/ipad"" rel=""nofollow"">Twitter for iPad</a>","Yay! @SolarAid is winner of Google Global Impact Challenge! Very much deserved. #globalimpactchallenge congrats!","","","",""
"340876012197920769","","","2013-06-01 17:02:29 +0000","<a href=""https://about.twitter.com/products/tweetdeck"" rel=""nofollow"">TweetDeck</a>","We agree: it's time to fix the mobile money basics - http://t.co/8H0dwR3l8S - simple account number + ref number improvements especially.","","","","http://mobilemoneyasia.blogspot.com.es/2013/05/ten-practical-ways-to-enhance-mobile.html"
"337630655968055296","","","2013-05-23 18:06:35 +0000","web","Vote for our friends and partner @SolarAid for the Google Impact Award! https://t.co/QqjozAuANG 2 second vote = millions of lives changed","","","","https://globalimpactchallenge.withgoogle.com/#/solaraid"
"336892304679923712","","","2013-05-21 17:12:39 +0000","web","Help our friends @livelyhoodsorg create jobs for youth in Kenyan slums to sell life changing products! http://t.co/o0xqzx5HX0","","","","http://bit.ly/18OERKB"
"329789030881443840","","","2013-05-02 02:46:46 +0000","<a href=""http://twitter.com/#!/download/ipad"" rel=""nofollow"">Twitter for iPad</a>","RT @sunfunder: Congrats to our partner @angazadesign who is a 2013 @echoinggreen finalist! Check out their SoLite 3 product if you haven't …","329715166121955328","411404227","2013-05-01 21:53:16 +0000",""
"329298411327217665","","","2013-04-30 18:17:13 +0000","web","Excited to be a finalist @echoinggreen! It's an honor to be recognized with such an impressive group of innovators http://t.co/8TtEBVcbOM.","","","","http://www.echoinggreen.org/blog/announcing-2013-echoing-green-fellowships-finalists#eg_finalists"
"329295185366364161","","","2013-04-30 18:04:24 +0000","<a href=""http://twitter.com/tweetbutton"" rel=""nofollow"">Tweet Button</a>","RT @echoinggreen: Congratulations to the Finalists for the #EG2013Fellowship &amp; #BMAFellowship! See who they are: http://t.co/I6UzD35Bl5…","329251992952246272","14886176","2013-04-30 15:12:46 +0000","http://ht.ly/kzl5S,http://ht.ly/kzl5S"
"311186113651953664","","","2013-03-11 18:45:25 +0000","web","Thrilled that our first @Kiva  loan is 100% funded! Thanks to our incredible field partner @ZamSolar. http://t.co/Y3Qs9JHghf","","","","http://www.kiva.org/lend/536441"
"309878976007008256","","","2013-03-08 04:11:19 +0000","<a href=""http://twitter.com/#!/download/ipad"" rel=""nofollow"">Twitter for iPad</a>","RT @world_affairs: #WA2013(1) THANK YOU to our amazing guest organizations@ #WA2013 #Innovation for Impact Reception w/ @3DRobotics, @an ...","309861371162525697","45905648","2013-03-08 03:01:22 +0000",""
"309410274383908865","309401879379574784","502388406","2013-03-06 21:08:52 +0000","<a href=""http://twitter.com/#!/download/ipad"" rel=""nofollow"">Twitter for iPad</a>","Thanks! “@TheTechAwards: Congrats to The Tech Awards 2012 Young Innovator laureate, @angazadesign, winner of the Millennial Impact Grant!”","","","",""
"309118182302552064","","","2013-03-06 01:48:12 +0000","<a href=""http://twitter.com/#!/download/ipad"" rel=""nofollow"">Twitter for iPad</a>","Great last mile distribution meetup in SF today! Rockstars: UpEnergy, Impact Carbon, @fenixintl @VisionSpring @Living_Goods @carbonkeeper","","","",""
"307913923334647809","","","2013-03-02 18:02:54 +0000","<a href=""http://twitter.com/#!/download/ipad"" rel=""nofollow"">Twitter for iPad</a>","Angaza is at the Stanford Africa Forum! #2013saf","","","",""
"307274156293120000","","","2013-02-28 23:40:42 +0000","<a href=""http://twitter.com/#!/download/ipad"" rel=""nofollow"">Twitter for iPad</a>","RT @NoraPoggi: Check out my article on #entrepreneurs in #siliconvalley featuring @NationBuilder @hermioneway @women2 @angazadesign http ...","307247595342938112","49825781","2013-02-28 21:55:09 +0000","http://www.examiner.com/article/entrepreneurs-you-re-supposed-to-change-the-world-remember,http://www.examiner.com/article/entrepreneurs-you-re-supposed-to-change-the-world-remember"
"304274188213026816","304249096061980672","67358777","2013-02-20 16:59:54 +0000","<a href=""http://twitter.com/#!/download/ipad"" rel=""nofollow"">Twitter for iPad</a>","Angaza is featured in Businessweek! “@BW: Women who run tech startups are catching up to their male counterparts | http://t.co/T2yHaFbp”","","","","http://buswk.co/WWq135"
"304072416202731520","303952358843498497","19118801","2013-02-20 03:38:08 +0000","<a href=""http://twitter.com/#!/download/ipad"" rel=""nofollow"">Twitter for iPad</a>","Angaza will be there! “@OutofPoverty: in SF? How about going to this discussion? http://t.co/ZPuJCnUW kp rt @Catapult_Design”","","","","http://eepurl.com/u9pn9"
"304071629053509632","303920633992056832","235385876","2013-02-20 03:35:00 +0000","<a href=""http://twitter.com/#!/download/ipad"" rel=""nofollow"">Twitter for iPad</a>","Thanks!! “@MIIMDesigns: 5 #Women #Startup to watch for in #SanFrancisco - we are so proud of @angazadesign great job! #VentureCapital""","","","",""
"303326179027460096","","","2013-02-18 02:12:51 +0000","<a href=""http://twitter.com/#!/download/ipad"" rel=""nofollow"">Twitter for iPad</a>","RT @Inc: 5 Women-Led Start-ups to Watch: @biasport, @greengar, @MakersRow, @Enplug, @angazadesign http://t.co/JKYmSFaV","303203525792526336","16896485","2013-02-17 18:05:28 +0000","http://ow.ly/hLqjM,http://ow.ly/hLqjM"
"302546264686477312","","","2013-02-15 22:33:45 +0000","<a href=""http://twitter.com/#!/download/ipad"" rel=""nofollow"">Twitter for iPad</a>","RT @judytuna: Overall winner of #w2pitch: @angazadesign !!!! Hooray! Like prepaid minutes, but for solar energy! I think it's amazing!","302239642084843520","759694","2013-02-15 02:15:20 +0000",""
"302546174899007488","","","2013-02-15 22:33:23 +0000","<a href=""http://twitter.com/#!/download/ipad"" rel=""nofollow"">Twitter for iPad</a>","RT @diannarae: Congrats @angazadesign on winning competition. Your pitch was awesome and your company inspiring.  @women2 #w2conf","302436705292677121","12733172","2013-02-15 15:18:24 +0000",""
"302546082133581824","","","2013-02-15 22:33:01 +0000","<a href=""http://twitter.com/#!/download/ipad"" rel=""nofollow"">Twitter for iPad</a>","Thanks for all the Twitter love! :) Welcome to all our new followers! So great to meet so many awesome people at #w2conf","","","",""
"302260553525649409","","","2013-02-15 03:38:26 +0000","<a href=""http://twitter.com/#!/download/ipad"" rel=""nofollow"">Twitter for iPad</a>","So excited to have won Women2.0 SF Pitch Competition! And so honored to have pitched alongside 9 other awesome companies!! @women2 #w2conf","","","",""
"302215164210577408","","","2013-02-15 00:38:04 +0000","<a href=""http://twitter.com/#!/download/ipad"" rel=""nofollow"">Twitter for iPad</a>","Please vote for Angaza Design for People's Choice award! Just tweet:

I vote Angaza Design! @women2 #w2pitch","","","",""
"302213147882815489","","","2013-02-15 00:30:03 +0000","<a href=""http://twitter.com/#!/download/ipad"" rel=""nofollow"">Twitter for iPad</a>","Thanks for the People's Choice votes for @angazadesign! #w2conf","","","",""
"302154507582832641","","","2013-02-14 20:37:03 +0000","<a href=""http://twitter.com/#!/download/ipad"" rel=""nofollow"">Twitter for iPad</a>","Just pitched at Women2.0 conference! #w2conf @women2 Thanks for all the support and tweets!","","","",""
"301011994427944961","","","2013-02-11 16:57:06 +0000","web","Come see Angaza pitch at the @Women2 Conf on Feb 14th! http://t.co/eYCcweem #w2pitch","","","","http://www.women2.com/pitch-sf-conference-2013/"
"295733881515163648","","","2013-01-28 03:23:46 +0000","<a href=""http://twitter.com/#!/download/ipad"" rel=""nofollow"">Twitter for iPad</a>","The Angaza team is on the road! China, Zambia, Kenya, and California! #circumnavigatingtheglobe #timezoneconfusion","","","",""
"289880687870349312","289849418168029184","411404227","2013-01-11 23:45:16 +0000","<a href=""http://twitter.com/tweetbutton"" rel=""nofollow"">Tweet Button</a>","@sunfunder Thanks so much!","","","",""
"289063084885164032","","","2013-01-09 17:36:24 +0000","<a href=""http://twitter.com/#!/download/ipad"" rel=""nofollow"">Twitter for iPad</a>","Excited to be one of them! “@reeep: REEEP awards €3.9 million to 29 #cleanenergy projects in 19 #developingcountries http://t.co/pDABqwpZ ""","","","","http://is.gd/21OBNh"
"288483881471074304","","","2013-01-08 03:14:51 +0000","<a href=""http://twitter.com/#!/download/ipad"" rel=""nofollow"">Twitter for iPad</a>","Congrats to our friends at Solar Mosaic for a wildly successful launch today! @solarmosaic #crowdfunding","","","",""
"286698189799698432","","","2013-01-03 04:59:09 +0000","web","Fully funded @sunfunder! Thanks to our 91 amazing funders...and to SunFunder for such a great start to 2013 - http://t.co/gj2H1X9H","","","","http://www.sunfunder.com/projects/view/31"
"285872911926042626","","","2012-12-31 22:19:48 +0000","<a href=""http://twitter.com/#!/download/ipad"" rel=""nofollow"">Twitter for iPad</a>","Excited to be selected to pitch at Women2.0's Pitch SF 2013 event on February 14th! http://t.co/M3vEhKXE @women2 #w2pitch","","","","http://www.women2.com/angaza-design-named-third-women-2-0-pitch-sf-startup-competition-finalist/"
"282159888682074115","","","2012-12-21 16:25:34 +0000","<a href=""http://twitter.com/#!/download/ipad"" rel=""nofollow"">Twitter for iPad</a>","RT @OutofPoverty: Check out the @Forbes 30 Under 30 list for Social Entrepreneurs!  http://t.co/rbulzn0R #socent cs","282146358641717248","19118801","2012-12-21 15:31:48 +0000","http://ht.ly/gbf2j,http://ht.ly/gbf2j"
"281135807723626496","","","2012-12-18 20:36:14 +0000","<a href=""http://twitter.com/#!/download/ipad"" rel=""nofollow"">Twitter for iPad</a>","Congrats!! “@onedegreesolar: Our 1st @Kiva project was funded in hours thanks to our 230+ new friends!","","","",""
"280718470495232000","","","2012-12-17 16:57:53 +0000","web","Amazingly proud of our under-30 superstar CEO, Lesley! http://t.co/2AZeBYRe","","","","http://www.forbes.com/special-report/2012/30-under-30/30-under-30_social.html"
"280406544250720256","280047057195130880","17048577","2012-12-16 20:18:24 +0000","<a href=""http://twitter.com/#!/download/ipad"" rel=""nofollow"">Twitter for iPad</a>","@jordanschermer Thanks so much!","","","",""
"278934467308044289","","","2012-12-12 18:48:54 +0000","web","Looking for a unique, practical holiday present? Gift an Angaza solar LED light to your loved ones!  http://t.co/3g7Vu1Wc","","","","http://www.amazon.com/The-Angaza-SoLite-light-solar/dp/B0057OBZHG"
"278927198658908160","","","2012-12-12 18:20:01 +0000","web","Great article about the off-grid solar revolution by Ryan Levinson (@sunfunder) on CNN Money! http://t.co/w8s9EsSG","","","","http://money.cnn.com/news/newsfeeds/gigaom/articles/cleantech_5_reasons_why_the_off_grid_solar_revolution_will_be_driven_by_cell_phones.html"
"276388549597724672","","411404227","2012-12-05 18:12:19 +0000","web","@sunfunder is matching every loan dollar for dollar with their Solar Lights Holiday Challenge! http://t.co/gj2H1X9H","","","","http://www.sunfunder.com/projects/view/31"
"273596152878870528","","","2012-11-28 01:16:20 +0000","web","Proud to be selected a winner of the Millennial Impact Challenge: http://t.co/PDnzf4fG","","","","http://www.huffingtonpost.com/chelsea-brownridge/millennial-impact-challenge_b_2199111.html"
"272440370036617217","","","2012-11-24 20:43:40 +0000","<a href=""http://twitter.com/#!/download/ipad"" rel=""nofollow"">Twitter for iPad</a>","RT @WorldBank: Tanzanians among the fastest adopters of #mobile money services in the world, just behind #Kenya. http://t.co/oNDGyK75","272329221156782080","27860681","2012-11-24 13:22:00 +0000","http://bit.ly/106m1xg,http://bit.ly/106m1xg"
"269495341987028993","269306989794979841","8454312","2012-11-16 17:41:11 +0000","<a href=""http://twitter.com/tweetbutton"" rel=""nofollow"">Tweet Button</a>","@markstraub Thanks Mark! We're thrilled!","","","",""
"268882723903512576","","","2012-11-15 01:06:51 +0000","web","RT @TheTechAwards: Now @angazadesign #TheTechAwards http://t.co/b1B7yQaO","268881068260728832","502388406","2012-11-15 01:00:18 +0000","http://twitter.com/TheTechAwards/status/268881068260728832/photo/1,http://twitter.com/TheTechAwards/status/268881068260728832/photo/1"
"268882701078106113","","","2012-11-15 01:06:46 +0000","web","RT @TheTechAwards: This year's laureates are now introducing their technology solutions to benefit humanity. #TheTechAwards http://t.co/ ...","268880330604290048","502388406","2012-11-15 00:57:22 +0000","http://twitter.com/TheTechAwards/status/268880330604290048/photo/1,http://twitter.com/TheTechAwards/status/268880330604290048/photo/1"
"268810901430345728","","","2012-11-14 20:21:27 +0000","web","RT @sunfunder: People in #Africa can charge their phone with #solar and pay for solar with their phone! Cool stuff! http://t.co/GiTiKNCj ...","268806913641304064","411404227","2012-11-14 20:05:37 +0000","http://goo.gl/k4O5h,http://goo.gl/k4O5h"
"266683099318984705","","","2012-11-08 23:26:20 +0000","web","Excited to be crowdfunding with @sunfunder for our Pay-As-You-Go units in Tanzania! Check out our project: http://t.co/gj2H1X9H","","","","http://www.sunfunder.com/projects/view/31"
"265561760671612928","265555537628909569","24493924","2012-11-05 21:10:32 +0000","<a href=""http://twitter.com/tweetbutton"" rel=""nofollow"">Tweet Button</a>","@pdavisjones @sunfunder @greenstart Thank you! We're thrilled to be working with SunFunder!","","","",""
"265284607447007232","","","2012-11-05 02:49:13 +0000","web","Angaza is a proud member of the Astia community and 2012 Silicon Valley cohort! http://t.co/6x7NPzaO  @astiaglobal","","","","http://www.women2.com/women-entrepreneurs-in-astias-fall-2012-global-entrepreneurs-program/"
"263481372390338561","","","2012-10-31 03:23:49 +0000","web","We're hiring a Director of East African Operations to be based out of Nairobi, Kenya! Spread the word. 
http://t.co/YERtqqxy","","","","http://www.angazadesign.com/wp-content/uploads/2012/10/DirEAfricanOps_Angaza.pdf"
"258032240372613121","","","2012-10-16 02:30:54 +0000","web","Impact Investing with a gender lens! Great theme behind many of the panels and speeches at SOCAP this year.  http://t.co/mnG563bn","","","","http://www.triplepundit.com/2012/10/womenomics-illuminating-opportunities-increasing-returns-gender-lens-investing/"
"253951088351379456","","","2012-10-04 20:13:52 +0000","web","RT @MichalKopec: Powering Solar Energy In Africa With Pay-As-You-Go -&gt; http://t.co/fXtf0OtM. Awesome example of design for #social #i ...","253893806435479552","66030366","2012-10-04 16:26:15 +0000","http://www.fastcoexist.com/1680598/powering-solar-energy-in-africa-with-pay-as-you-go,http://www.fastcoexist.com/1680598/powering-solar-energy-in-africa-with-pay-as-you-go"
"253950910244483072","253893990913560576","66030366","2012-10-04 20:13:09 +0000","<a href=""http://twitter.com/tweetbutton"" rel=""nofollow"">Tweet Button</a>","@MichalKopec @thedesignerfund Thank you for all of your support!","","","",""
"253191521749327872","","","2012-10-02 17:55:37 +0000","<a href=""http://twitter.com/#!/download/ipad"" rel=""nofollow"">Twitter for iPad</a>","Excited to be here at SOCAP! Looking forward to a packed next three days. @socapmarkets #SOCAP12","","","",""
"251009052958662656","","","2012-09-26 17:23:16 +0000","web","Angaza is a 2012 Tech Awards Laureate! Listen to the announcement live on KQED in 6 minutes! (10:30 PST) http://t.co/Jw0Rj4ca","","","","http://www.kqed.org/radio/listen/"
"250978473500344320","250965486760779776","339248925","2012-09-26 15:21:45 +0000","web","@ThaneKreiner @FastCoExist Thank you Thane!","","","",""
"250972358163177473","","","2012-09-26 14:57:27 +0000","web","Our CEO selected as a 2012 Tech Award Laureate! http://t.co/pziq494L","","","","http://www.fastcoexist.com/1680598/powering-solar-energy-in-africa-with-pay-as-you-go"
"249297966626648064","","","2012-09-22 00:04:01 +0000","web","We've updated our logo!","","","",""
"246734323309490176","","","2012-09-14 22:17:01 +0000","web","Proud of our CEO Lesley for being ""one to watch""!! http://t.co/783PnRXa","","","","http://www.women2.com/female-founders-to-watch-astia/"
"246616984807153665","","","2012-09-14 14:30:45 +0000","web","Terrific event last night @thedesignerfund! We're so lucky to be part of such an amazing and supportive community.","","","",""
"246616246383177728","","","2012-09-14 14:27:49 +0000","web","RT @women2: Female Founders To Watch: Women Entrepreneurs From Astia http://t.co/X2ZRGbOC @angazadesign @lgaskins #FFFF #FF","246595718435966977","14410280","2012-09-14 13:06:15 +0000","http://bit.ly/OLQOIz,http://bit.ly/OLQOIz"
"245774158166913024","","","2012-09-12 06:41:40 +0000","<a href=""http://twitter.com/#!/download/ipad"" rel=""nofollow"">Twitter for iPad</a>","of course! But don't forget the iPhoue! “@Mbwana: @angazadesign thinks the future of phones in Africa is M-Horse right?”","","","",""
"245720002337050624","","","2012-09-12 03:06:28 +0000","<a href=""http://twitter.com/#!/download/ipad"" rel=""nofollow"">Twitter for iPad</a>","here here! “@Mbwana: And this is why - investing in tech is risky &amp; hard yet exciting- as they say ""make your bets, start your engines!""”","","","",""
"241656803157475329","241655821707137024","390457235","2012-08-31 22:00:46 +0000","web","@TechExLab @jmollins @TheHumanImpact @ennovent @appropedia @JonahLupton @ErikaBlock Thanks for the FF! Have a great weekend!","","","",""
"240268165660176385","","","2012-08-28 02:02:49 +0000","<a href=""http://twitter.com/tweetbutton"" rel=""nofollow"">Tweet Button</a>","We're updating our AngelList profile! Check us out at Angaza “Pay-As-You-Go Financing Technology for Emerging Markets” https://t.co/BBz3xsra","","","","https://angel.co/angaza-design"
"238784360583663616","","","2012-08-23 23:46:42 +0000","<a href=""http://twitter.com/#!/download/ipad"" rel=""nofollow"">Twitter for iPad</a>","An entrepreneur has to sell a vision that doesn't yet exist...and make it achievable.","","","",""
"238751010212954113","","","2012-08-23 21:34:11 +0000","<a href=""http://twitter.com/#!/download/ipad"" rel=""nofollow"">Twitter for iPad</a>","Heard at #GSBI2012 by @1child1light: ""It's not magic. It WORKS!"" -&gt; Using schools as touch points to distribute and charge LED study lights","","","",""
"238748283000995841","","","2012-08-23 21:23:21 +0000","<a href=""http://twitter.com/#!/download/ipad"" rel=""nofollow"">Twitter for iPad</a>","Great job Steve! @nokero As fellow product designers, we're impressed by how many products you've designed with such little capital! #GSBI","","","",""
"238743549124939777","","","2012-08-23 21:04:32 +0000","<a href=""http://twitter.com/#!/download/ipad"" rel=""nofollow"">Twitter for iPad</a>","Great presentation @carbonkeeper! Loving the new name. :) You've made a lot of progress in a short amount of time! @CSTSSCU #GSBI2012","","","",""
"236554353912193024","236537274429476864","411404227","2012-08-17 20:05:27 +0000","web","@sunfunder @ScootNetworks Thanks! See you again soon!","","","",""
"236528709308395520","","","2012-08-17 18:23:33 +0000","web","RT @ScootNetworks: Proud to share 1st place at Keiretsu Forum's green #startup event with @angazadesign. #cleantech #cleanweb #angelinve ...","236526542329630721","382417301","2012-08-17 18:14:56 +0000",""
"236528680300597249","236526542329630721","382417301","2012-08-17 18:23:26 +0000","web","@ScootNetworks Great to meet you at a terrific event! Can't wait to ride one of your scooters!","","","",""
"233281694906601472","","","2012-08-08 19:21:04 +0000","web","Thanks for the shout out! Proud to be a part of The Designer Fund and excited to see it grow! http://t.co/RuxAzLyf @thedesignerfund #design","","","","http://www.theverge.com/2012/8/8/3228223/ben-blumenfeld-leaves-facebook-designer-fund"
"232963154055929856","","","2012-08-07 22:15:18 +0000","<a href=""http://twitter.com/#!/download/ipad"" rel=""nofollow"">Twitter for iPad</a>","Excited to meet this year's cohort and see the GSBI 2012 Business plan presentations! @CSTSSCU","","","",""
"231418171360419841","","","2012-08-03 15:56:06 +0000","web","Shoutout to our women angel investors! Thank you for putting your money where your mouth is! http://t.co/SoK44leD @davemcclure","","","","http://techcrunch.com/2012/07/18/women-in-tech-put-your-money-where-your-mouth-is/"
"231173419604013058","","","2012-08-02 23:43:32 +0000","<a href=""https://about.twitter.com/products/tweetdeck"" rel=""nofollow"">TweetDeck</a>","Increase in transactions per deposit (longer ""e-money loop"") is driven by new *types* of transactions. #MoneyRealQuick http://t.co/jh6xhUTi","","","","http://www.amazon.com/Money-Real-Quick-Guardian-ebook/dp/B007FPP7NI"
"230840576101199872","225299147744489472","390457235","2012-08-02 01:40:56 +0000","<a href=""http://twitter.com/#!/download/ipad"" rel=""nofollow"">Twitter for iPad</a>","@TechExLab Thanks! Love your site. We'll definitely add our Pay-as-you-Go SoLite to the mix!","","","",""
"230315657311444992","","","2012-07-31 14:55:06 +0000","<a href=""https://about.twitter.com/products/tweetdeck"" rel=""nofollow"">TweetDeck</a>","RT @ForeignPolicy: As India goes dark, we thought of Peter DiCampo's stunning photos of ""life without lights"" http://t.co/rLG4CqzK","230310753100509184","26792275","2012-07-31 14:35:37 +0000","http://bit.ly/JuNNMU,http://bit.ly/JuNNMU"
"229271899107115008","","","2012-07-28 17:47:35 +0000","web","Mobile money is transformative, but improvements could assist new mobile-focused business models. Start here: http://t.co/icB1LIML","","","","http://mmublog.org/blog/making-mobile-money-work-for-business/"
"228888153291907072","","","2012-07-27 16:22:42 +0000","<a href=""http://twitter.com/#!/download/ipad"" rel=""nofollow"">Twitter for iPad</a>","Excited to meet with the WEF Young Global Leaders today on their pass through Silicon Valley! @yglsvs @YGLvoices","","","",""
"227998527249317888","","","2012-07-25 05:27:39 +0000","<a href=""http://twitter.com/#!/download/ipad"" rel=""nofollow"">Twitter for iPad</a>","If I say ""please fillet the heat stake,"" what do you think of? (hint: no it's not just bad spelling!)  #latenightengineering &lt;--- love it!","","","",""
"218723350661443584","","","2012-06-29 15:11:25 +0000","<a href=""http://twitter.com/#!/download/ipad"" rel=""nofollow"">Twitter for iPad</a>","Couldnt agree more! “@Mbwana: Convinced mobile money adoption in TZ is hampered by agents assisting in transactions &amp; building dependence""","","","",""
"218130248062087168","","","2012-06-27 23:54:38 +0000","web","RT @Mbwana: Shout out to the Silicon Valley startups I advice - @angazadesign &amp; @envaya / @Telerivet Both killing it in E-Africa #St ...","217926918568292355","14947636","2012-06-27 10:26:40 +0000",""
"217356626125000704","","","2012-06-25 20:40:32 +0000","web","Come check out Angaza at the Social Entrepreneurship Mixer in SF this Thursday (June 28) evening! Register here: http://t.co/IUOgEbzV","","","","http://socialentrepreneurshipmixer.eventbrite.com/"
"213701859406397440","","","2012-06-15 18:37:48 +0000","<a href=""http://twitter.com/#!/download/ipad"" rel=""nofollow"">Twitter for iPad</a>","Landed at SFO after a great month and a half in rural Tanzania! Goodbye Musoma, hello San Francisco!","","","",""
"210753260070510593","210651973735817216","14947636","2012-06-07 15:21:07 +0000","<a href=""http://twitter.com/#!/download/ipad"" rel=""nofollow"">Twitter for iPad</a>","@Mbwana What happened? Flight cancelled?? We barely made ours... Back in 
Musoma now!","","","",""
"210351305389113346","","","2012-06-06 12:43:54 +0000","<a href=""http://twitter.com/#!/download/ipad"" rel=""nofollow"">Twitter for iPad</a>","Congrats @Mbwana! Savannah Fund is officially live! Seed stage investing has arrived in East Africa @savannahfund","","","",""
"209672331482775553","","","2012-06-04 15:45:54 +0000","<a href=""http://twitter.com/#!/download/ipad"" rel=""nofollow"">Twitter for iPad</a>","Nairobi is SUCH a culture shock from rural western Tanzania where we've been stationed the last month! Loving the change of pace here!","","","",""
"209672037084561409","","","2012-06-04 15:44:43 +0000","<a href=""http://twitter.com/#!/download/ipad"" rel=""nofollow"">Twitter for iPad</a>","Made it to Nairobi's iHub: center of African innovation and entrepreneurship! Great to finally see it in action! @iHub @Mbwana","","","",""
"208047023461629953","","","2012-05-31 04:07:30 +0000","web","RT @ThaneKreiner: Congrats to 2011 #GSBI alum @AngazaDesign, winner of a 2012 International Women's Day Scholarship http://t.co/3pbrXSRc","207974650997780480","339248925","2012-05-30 23:19:55 +0000","http://bit.ly/LHfuiw,http://bit.ly/LHfuiw"
"202986067924754432","","","2012-05-17 04:57:04 +0000","web","Our CEO, Lesley, chosen for the International Women's Day Scholarship @astiaglobal","","","",""
"202985527962644480","202857865155846144","14947636","2012-05-17 04:54:55 +0000","web","@Mbwana We miss you too! It's not the same without you! But we're making lots of progress...update coming soon!","","","",""
"202064446212931586","","","2012-05-14 15:54:52 +0000","web","RT @Mbwana: Congrats @angazadesign ! Glad to have been here just long enough to see them ship the pay-as-you-go solar to... [pic] — http ...","202030256679419905","14947636","2012-05-14 13:39:01 +0000","http://path.com/p/2gbHGR,http://path.com/p/2gbHGR"
"201927224427954176","","","2012-05-14 06:49:36 +0000","web","RT @Mbwana: Nothing more exciting than eager customers wanting your product- go time for @angazadesign in Musoma http://t.co/I2DpEj17 #S ...","201924061742383104","14947636","2012-05-14 06:37:02 +0000","http://www.facebook.com/photo.php?fbid=384827201554433&set=a.196433497060472.37602.109483369088819&type=1&theater,http://www.facebook.com/photo.php?fbid=384827201554433&set=a.196433497060472.37602.109483369088819&type=1&theater"
"201011821572923392","","","2012-05-11 18:12:07 +0000","web","RT @Mbwana: Sundowner with a Kili ending a great week working with @angazadesign (at Mwanza Gulf- Lake Victoria, Tanzania) [pic]—http:// ...","200978332085522432","14947636","2012-05-11 15:59:03 +0000","http://path.com/p/CloKi,http://path.com/p/CloKi"
"200836074195525632","","14947636","2012-05-11 06:33:46 +0000","web","@Mbwana  - We're launching your future career as a voice actor!","","","",""
"200661740470542336","","","2012-05-10 19:01:01 +0000","web","Loving the super-hip Tanzanian handshake. Makes us feel like natives!","","","",""
"199717202650349569","199714237097062400","14947636","2012-05-08 04:27:46 +0000","web","@Mbwana Definitely - it should be a very interesting trip!","","","",""
"199399021926813696","","","2012-05-07 07:23:26 +0000","web","The first blog post from our pilot is up! http://t.co/u298wvHG","","","","http://www.angazadesign.com/blog"
"198819482624462850","","","2012-05-05 17:00:33 +0000","web","Kerosene at 2544 shillings (~$1.70) per liter in rural TZ! Prices raised to match diesel to deter mixing, but hurts the off-grid poor.","","","",""
"198435743742427137","","","2012-05-04 15:35:42 +0000","<a href=""http://twitter.com/#!/download/ipad"" rel=""nofollow"">Twitter for iPad</a>","RT @Mbwana: @angazadesign successful M-PESA test in Tanzania for their pay-as-you-go solar energy credit technology- yay! http://t.co/Vn ...","198428333346783232","14947636","2012-05-04 15:06:16 +0000","http://twitter.com/Mbwana/status/198428333346783232/photo/1,http://twitter.com/Mbwana/status/198428333346783232/photo/1"
"198257839179972608","","","2012-05-04 03:48:46 +0000","web","Great dinner in Dar last night with @Mbwana and fellow energy access entrepreneurs @EGGenergy!","","","",""
"197441152847331328","","","2012-05-01 21:43:33 +0000","<a href=""http://twitter.com/#!/download/ipad"" rel=""nofollow"">Twitter for iPad</a>","On the plane headed to Tanzania! After a hard week, everything has come together. Grateful to all the folks who have helped make it happen.","","","",""
"195529288798306305","","","2012-04-26 15:06:29 +0000","<a href=""http://twitter.com/#!/download/ipad"" rel=""nofollow"">Twitter for iPad</a>","Nice! Have fun :) “@whiteafrican: Fun to have @Mbwana in Nairobi as the Savannah Fund gets off the ground.”","","","",""
"194812070338887681","","","2012-04-24 15:36:31 +0000","<a href=""http://twitter.com/#!/download/ipad"" rel=""nofollow"">Twitter for iPad</a>","Hey  @onedegreesolar , how long are you in Nairobi? We'll be there beginning of 
June!","","","",""
"192619416159133698","","","2012-04-18 14:23:42 +0000","<a href=""http://twitter.com/#!/download/ipad"" rel=""nofollow"">Twitter for iPad</a>","Happy travel day @Mbwana ! See you soon :)","","","",""
"190921791634554880","190815820832702464","14947636","2012-04-13 21:57:56 +0000","web","Thank you @Mbwana! You're the best!","","","",""
"190584619589050368","","","2012-04-12 23:38:08 +0000","<a href=""http://twitter.com/#!/download/ipad"" rel=""nofollow"">Twitter for iPad</a>","""What happens if we get things RIGHT in the world?"" Plenty of negative stories of global warming etc, but ask the flip question too #bscc8","","","",""
"190556018441322496","","","2012-04-12 21:44:29 +0000","<a href=""http://twitter.com/#!/download/ipad"" rel=""nofollow"">Twitter for iPad</a>","At the Berkeley-Stanford CleanTech Conference #bscc8: Great conference, but where are all the female panelists? Really, not even one?","","","",""
"190475884216594435","190475425758195713","17984624","2012-04-12 16:26:04 +0000","<a href=""http://twitter.com/#!/download/ipad"" rel=""nofollow"">Twitter for iPad</a>","@thebenedict wonderful! Looking forward to meeting in person :)","","","",""
"190473013672673281","190466910951968768","17984624","2012-04-12 16:14:39 +0000","<a href=""http://twitter.com/#!/download/ipad"" rel=""nofollow"">Twitter for iPad</a>","@thebenedict yes! Probably first week of 
June. Will you be there?","","","",""
"190453024571920385","","","2012-04-12 14:55:14 +0000","web","Tickets bought! The Angaza team arrives in East Africa on May 2!","","","",""
"190097396598964225","","","2012-04-11 15:22:05 +0000","web","Thx for profiling Angaza @VC4Africa!: 10 entrepreneurs disrupting the African energy business | VC4Africa http://t.co/FTVKXAnC","","","","http://vc4africa.biz/blog/2012/04/09/10-entrepreneurs-disrupting-the-african-energy-business"
"186834381095190528","","","2012-04-02 15:16:02 +0000","web","Angaza SoLite back in stock on http://t.co/bjewT02c! Get yours today: http://t.co/Gf1pWRuS","","","","http://Amazon.com,http://www.amazon.com/Angaza-SoLite-light-solar-panel/dp/B0057OBZHG"
"186820980008697857","","","2012-04-02 14:22:47 +0000","web","Interesting discussion on the benefits and shortcomings of mobile banking as a financial tool for the poor: http://t.co/vesmaRDK","","","","http://www.slate.com/blogs/future_tense/2012/02/27/m_pesa_ict4d_and_mobile_banking_for_the_poor_.html"
"185624158951047168","","","2012-03-30 07:07:02 +0000","<a href=""http://twitter.com/#!/download/ipad"" rel=""nofollow"">Twitter for iPad</a>","Angaza speaking about Frugal Innovation today at Skoll World Forum! #SkollWF Using human-centered design to create BoP-focused products!","","","",""
"185135985376509952","","","2012-03-28 22:47:13 +0000","<a href=""http://twitter.com/#!/download/ipad"" rel=""nofollow"">Twitter for iPad</a>","Thanks for the RTs! @Catapult_Design @micahlande Cheerio from Oxford!","","","",""
"185000622209253376","","","2012-03-28 13:49:20 +0000","<a href=""http://twitter.com/download/iphone"" rel=""nofollow"">Twitter for iPhone</a>","RT @SkollWorldForum: Lesley Silverthorn @angazadesign  shares her pre-session insights #skollwf 'Frugal Innovation - More Than Low Cost' ...","184943277991145473","19313711","2012-03-28 10:01:28 +0000","http://bit.ly/Hkgve4,http://bit.ly/Hkgve4"
"184665883157868544","","","2012-03-27 15:39:12 +0000","web","Thrilled to be part of the @thedesignerfund community!","","","",""
"183217509724467201","183072078524710912","16194209","2012-03-23 15:43:52 +0000","<a href=""http://twitter.com/#!/download/ipad"" rel=""nofollow"">Twitter for iPad</a>","@samner nice! Best of luck on your Ethiopia trip! Glad to hear you're still pushing the Pepper Eater forward!","","","",""
"177853587970465794","","","2012-03-08 20:29:34 +0000","<a href=""http://twitter.com/#!/download/ipad"" rel=""nofollow"">Twitter for iPad</a>","Angaza is profiled on Designers Accord! Using human-centered design to expand rural energy access: http://t.co/5xoTnmed","","","","http://www.designersaccord.org"
"177849392336867330","","","2012-03-08 20:12:54 +0000","<a href=""http://twitter.com/#!/download/ipad"" rel=""nofollow"">Twitter for iPad</a>","Happy International Women's Day! Proud to be part of a growing social enterprise movement, many led by amazing women! Shout out to you all!","","","",""
"177577103867396096","177540032482127872","14947636","2012-03-08 02:10:55 +0000","<a href=""http://twitter.com/#!/download/ipad"" rel=""nofollow"">Twitter for iPad</a>","@Mbwana haha! Love the pic of you on the dog sled! Looks like you're having a wonderful time. Enjoy the rest of your trip!","","","",""
"174381846702985217","174171014090072064","14832465","2012-02-28 06:34:06 +0000","<a href=""http://twitter.com/#!/download/ipad"" rel=""nofollow"">Twitter for iPad</a>","@jeremyhiggs Thanks! Look forward to chatting with you further!","","","",""
"169468392678494208","169243785652486145","88704215","2012-02-14 17:09:48 +0000","<a href=""http://twitter.com/#!/download/ipad"" rel=""nofollow"">Twitter for iPad</a>","@haddockdan Thanks! And thanks for following! :)","","","",""
"166706022642237441","","","2012-02-07 02:13:07 +0000","<a href=""http://twitter.com/#!/download/ipad"" rel=""nofollow"">Twitter for iPad</a>","So energized after speaking with people looking to make a difference in Africa!...AND who know the Africa beyond just a safari destination.","","","",""
"165228503229403136","","","2012-02-03 00:21:59 +0000","<a href=""http://twitter.com/#!/download/ipad"" rel=""nofollow"">Twitter for iPad</a>","Loving the female representation in energy enterprises chosen as @echoinggreen semi-finalists! @Solar_Sister @livelyhoodsorg @frontiermkts","","","",""
"165174208765239296","","","2012-02-02 20:46:14 +0000","<a href=""http://twitter.com/#!/download/ipad"" rel=""nofollow"">Twitter for iPad</a>","Angaza is excited to be selected as an @echoinggreen Semi-Finalist!: http://t.co/mzh2CS11 #EG2012Fellowship","","","","http://ht.ly/8Q9z7"
"165169813784768512","","","2012-02-02 20:28:46 +0000","<a href=""http://twitter.com/#!/download/ipad"" rel=""nofollow"">Twitter for iPad</a>","@RiseSolar How is Uganda?? Do you have a blog we can follow? Say hi to the @Solar_Sister folks for us!","","","",""
"162039240887246848","","","2012-01-25 05:09:00 +0000","<a href=""http://twitter.com/#!/download/ipad"" rel=""nofollow"">Twitter for iPad</a>","RT @Tayo_Akinyemi: @Mbwana just shouted out @angazadesign  live on @thenextweb. Nice.","162026630489976832","109293883","2012-01-25 04:18:53 +0000",""
"161497089136787456","","","2012-01-23 17:14:41 +0000","<a href=""http://twitter.com/#!/download/ipad"" rel=""nofollow"">Twitter for iPad</a>","RT @Mbwana: M-Pesa in Tanzania stats straight from telco - Over 3M active users with over 8M registered customers #mobilemoney http://t. ...","161477977366994945","14947636","2012-01-23 15:58:44 +0000","http://thecitizen.co.tz/sunday-citizen/40-sunday-citizen-news/19119-special-reportprofitability-not-room-is-the-issue-in-telecoms-industry.html,http://thecitizen.co.tz/sunday-citizen/40-sunday-citizen-news/19119-special-reportprofitability-not-room-is-the-issue-in-telecoms-industry.html"
"160922723256770560","","","2012-01-22 03:12:21 +0000","<a href=""http://twitter.com/tweetbutton"" rel=""nofollow"">Tweet Button</a>","Angaza Design plans to revolutionize energy access with mobile money pay as you go | Afrinnovator http://t.co/7Hzgczq8 via @afrinnovator","","","","http://afrinnovator.com/blog/2012/01/22/angaza-design-plans-to-revolutionize-energy-access-with-solite-mobile-money-pay-as-you-go/"
"160896418951868417","","","2012-01-22 01:27:50 +0000","<a href=""http://twitter.com/#!/download/ipad"" rel=""nofollow"">Twitter for iPad</a>","RT @UN: #Energy is everything.  It's now the Int'l Year of Sustainable #Energy4All. Video: http://t.co/yETHR06i via @SGenergyforall @unf ...","160829073424265216","14159148","2012-01-21 21:00:13 +0000","http://ow.ly/8wn6H,http://ow.ly/8wn6H"
"160130238708334593","","","2012-01-19 22:43:18 +0000","<a href=""http://twitter.com/#!/download/ipad"" rel=""nofollow"">Twitter for iPad</a>","&lt;--- Jealous!
 Have fun! :) “@Catapult_Design: We're heading to @Invent4Humanity's 2012 Tech Exchange Fair next week in Geneva ...","","","",""
"160089547294769152","","","2012-01-19 20:01:37 +0000","<a href=""http://twitter.com/#!/download/ipad"" rel=""nofollow"">Twitter for iPad</a>","Angaza is excited to be speaking at and attending the @SkollWorldForum in late 
March! Anyone else headed to this conference?","","","",""
"159720567627460610","","","2012-01-18 19:35:25 +0000","<a href=""http://twitter.com/#!/download/ipad"" rel=""nofollow"">Twitter for iPad</a>","Great turnout, Congrats! “@CSTSSCU @socialedge: 175 social entrepreneurs just completed Value Proposition, now ready for Target Market #GSBI","","","",""
"158396454556274688","","","2012-01-15 03:53:52 +0000","<a href=""http://twitter.com/#!/download/ipad"" rel=""nofollow"">Twitter for iPad</a>","Agreed! “@chelcap: Why off-grid solar energy is the ultimate impact investment  http://t.co/v4l3SJFq #impinv #socent #bop #solar”","","","","http://bit.ly/xZs8qo"
"157651204753727489","","14947636","2012-01-13 02:32:30 +0000","<a href=""http://twitter.com/#!/download/ipad"" rel=""nofollow"">Twitter for iPad</a>","@Mbwana See you in SF tomorrow for happy hour!","","","",""
"156778692411006976","156599590676738048","324506312","2012-01-10 16:45:27 +0000","web","@oneboxpower Thank you! We really appreciate it. Keep up the great work you are doing as well!","","","",""
"156425990963347456","156290630266519552","190116217","2012-01-09 17:23:57 +0000","<a href=""http://twitter.com/#!/download/ipad"" rel=""nofollow"">Twitter for iPad</a>","@StartSomeGood Thanks! You guys are doing great work as well! Keep it up :)","","","",""
"156289756941123584","","","2012-01-09 08:22:36 +0000","web","Just finished our @echoinggreen Fellowship application! http://t.co/JexPqC0A #EG2012Fellowship","","","","http://ht.ly/8knf6"
"155417896753963010","","","2012-01-06 22:38:08 +0000","web","Angaza featured in great article in Science Careers about social entrepreneurship and Thane Kreiner's work at the GSBI! http://t.co/YvfpzQhA","","","","http://bit.ly/rUPNlv"
"155413756611014656","","15794397","2012-01-06 22:21:41 +0000","web","@Catapult_Design Thanks for the RT!","","","",""
"155178361726050304","","","2012-01-06 06:46:19 +0000","<a href=""http://twitter.com/tweetbutton"" rel=""nofollow"">Tweet Button</a>","Help make it happen for Angaza Design: Clean, solar light for Africa on #indiegogo http://t.co/oKB57DWx","","","","http://igg.me/p/52568?a=324577&i=twtr"
"147813896789561344","","","2011-12-16 23:02:33 +0000","<a href=""http://twitter.com/#!/download/ipad"" rel=""nofollow"">Twitter for iPad</a>","RT @Catapult_Design: San Francisco! We're hosting a holiday party tonight with our cohorts at Mission*Social and you're all invited!  ht ...","147791754010181632","15794397","2011-12-16 21:34:34 +0000","http://twitpic.com/7u69mq,http://twitpic.com/7u69mq"
"145927278126317569","","32377320","2011-12-11 18:05:48 +0000","<a href=""http://twitter.com/#!/download/ipad"" rel=""nofollow"">Twitter for iPad</a>","@Solar_Sister @ThaneKreiner Thanks for the wonderful photos and quotes of our SoLite in action! Hope your trip is going fabulously! #solar","","","",""
"145926893789650944","","","2011-12-11 18:04:17 +0000","<a href=""http://twitter.com/#!/download/ipad"" rel=""nofollow"">Twitter for iPad</a>","RT @Solar_Sister: Visiting @Solar_Sister Lydia's mother in Kapchorwa - showed her the new @Angazadesign light...""This is the best"" she says!","145917826715222016","32377320","2011-12-11 17:28:15 +0000",""
"144871032765956096","","","2011-12-08 20:08:40 +0000","web","Apply to GSBI 2012! http://t.co/nhE7Q44o GREAT social venture incubator that will help you scale your impact. Ask us for any app advice!","","","","http://bit.ly/sOyLJO"
"144853086312214528","","","2011-12-08 18:57:21 +0000","web","Social entrepreneurs, take note: Fast Co.Exist has some great commandments... http://t.co/4uaC10Jc","","","","http://www.fastcoexist.com/1678942/the-10-essential-steps-to-successful-social-entrepreneurship?mid=54"
"142335339317571584","","","2011-12-01 20:12:44 +0000","<a href=""http://twitter.com/tweetbutton"" rel=""nofollow"">Tweet Button</a>","GIVE solar light, GET solar light! Help Angaza Design eradicate energy poverty on #indiegogo and get some cool perks! http://t.co/oKB57DWx","","","","http://igg.me/p/52568?a=324577&i=twtr"
"138739911007281152","","","2011-11-21 22:05:47 +0000","web","Do you love the great outdoors? So does Angaza. Help us understand your love with the short survey! http://t.co/I08psBsF","","","","http://wharton.qualtrics.com/SE/?SID=SV_cwjYwSzTWwaXfk8"
"130788485706682368","130742519448350722","32377320","2011-10-30 23:29:39 +0000","<a href=""http://twitter.com/#!/download/ipad"" rel=""nofollow"">Twitter for iPad</a>","@Solar_Sister It went well! Glad to hear you heard good things. Also need to catch up with u bout stuff..I'll shoot you an email tomorrow :)","","","",""
"130737276098588672","130736238666842112","32377320","2011-10-30 20:06:10 +0000","<a href=""http://twitter.com/#!/download/ipad"" rel=""nofollow"">Twitter for iPad</a>","@Solar_Sister No way! Ya I was at @InvestorsCircle! Saw the big @SVNetwork gathering on Friday morning..too bad we missed each other!","","","",""
"129796531749527552","","","2011-10-28 05:47:59 +0000","<a href=""https://about.twitter.com/products/tweetdeck"" rel=""nofollow"">TweetDeck</a>","RT @scheuster: Africa has more mobile phone users than the US.  #citizenmedia #socent http://t.co/oDZLAIuj","129596558374215680","34237844","2011-10-27 16:33:21 +0000","http://www.economist.com/blogs/prospero/2011/10/development-africa,http://www.economist.com/blogs/prospero/2011/10/development-africa"
"128679712280158208","","","2011-10-25 03:50:08 +0000","<a href=""http://www.facebook.com/apps/application.php?id=404596412628&ref=ts#!/apps/application.php?id=404596412628"" rel=""nofollow"">Work For Us</a>","Job: Director of Electrical Engineering (San Francisco, CA) http://t.co/6szfLyJ4 #Jobs","","","","http://bit.ly/rMOLV6"
"128624681392668672","","","2011-10-25 00:11:28 +0000","<a href=""http://twitter.com/#!/download/ipad"" rel=""nofollow"">Twitter for iPad</a>","Angaza is excited to head to Philadelphia this week to pitch to @InvestorsCircle!","","","",""
"128575899640672256","","","2011-10-24 20:57:37 +0000","<a href=""http://twitter.com/#!/download/ipad"" rel=""nofollow"">Twitter for iPad</a>","To all our friends in Kenya: be safe!!","","","",""
"126539850051616768","","","2011-10-19 06:07:05 +0000","web","Great blog post by @Catapult_Design: http://t.co/HOATJp6K ... What does ""designing for the BoP"" mean? Plus 5 strengths of design thinking...","","","","http://catapultdesign.org/recent-blogs/5myths"
"119849056448167936","","","2011-09-30 19:00:16 +0000","<a href=""http://social.verticalresponse.com/"" rel=""nofollow"">VerticalResponse Social</a>","Are you an electrical engineer-version of MacGyver? Angaza wants to talk to you. http://t.co/gu4EWlpL","","","","http://bit.ly/pzgJx5"
"118537234466082816","118529348650287104","227853785","2011-09-27 04:07:33 +0000","<a href=""http://twitter.com/#!/download/ipad"" rel=""nofollow"">Twitter for iPad</a>","@andrewjdupree Thanks! SoLite retail price depends highly on market and who's selling it...but around $50-60. You're working with Inveneo?","","","",""
"117368953961070592","","24451623","2011-09-23 22:45:13 +0000","<a href=""http://twitter.com/#!/download/ipad"" rel=""nofollow"">Twitter for iPad</a>","@jennyprosser I'm a female social entrepreneur (in the 
US) very interested in the 
Ashoka fellowships! Who should I contact here?","","","",""
"117281553951887360","","86482553","2011-09-23 16:57:56 +0000","<a href=""http://twitter.com/#!/download/ipad"" rel=""nofollow"">Twitter for iPad</a>","@enamara @Solar_Sister : So glad lights have arrived in Uganda and that you like the brightness!!! Keep us posted!","","","",""
"116956270103240705","","","2011-09-22 19:25:22 +0000","<a href=""http://twitter.com/#!/download/ipad"" rel=""nofollow"">Twitter for iPad</a>","Thanks @CSTSSCU! ""Vote for #GSBI alum @angazadesign as the most promising Entrepreneur &lt;25!  http://t.co/obTmRkQX #socent #Africa #solar”","","","","http://buswk.co/qLUhoU"
"116409620968378368","","","2011-09-21 07:13:11 +0000","web","Angaza Co-Founders featured in Businessweek's ""Top 25 Entrepreneurs &lt;=25""! http://t.co/mfSoGbSS Please vote for us!: http://t.co/7QhkaaCU","","","","http://images.businessweek.com/slideshows/20110915/2011-finalists-america-s-best-young-entrepreneurs/slides/4,http://www.businessweek.com/smallbiz/2011youngentrepreneurvote/"
"114807894532292608","","","2011-09-16 21:08:29 +0000","<a href=""http://twitter.com/#!/download/ipad"" rel=""nofollow"">Twitter for iPad</a>","Angaza at SOCAP!: Thx for the shoutout  @andylieberman “@CSTSSCU: #SoCap, Clean Energy, and Mike Tyson http://t.co/KTZU3Lam #impinv”","","","","http://bit.ly/nA0cGh"
"113870660681478144","","","2011-09-14 07:04:15 +0000","<a href=""http://social.verticalresponse.com/"" rel=""nofollow"">VerticalResponse Social</a>","Solar panels work well, even in conditions that you wouldn't think. Dispelling myths via @fastcompany http://t.co/89b4xqK","","","","http://bit.ly/oyZ9XX"
"113818387519516673","","","2011-09-14 03:36:32 +0000","<a href=""http://social.verticalresponse.com/"" rel=""nofollow"">VerticalResponse Social</a>","Just a couple more days to apply -- http://t.co/F6IkIoK","","","","http://angazadesign.com/files/Angaza-Design_DirectorofEngineering-EE.pdf"
"113460876815769600","","","2011-09-13 03:55:55 +0000","web","Imagine if you could build microfinance lending, literally, into every product that needed a loan. Exciting news from Angaza coming soon!","","","",""
"112305891231023104","","","2011-09-09 23:26:25 +0000","web","RT @Catapult_Design: Come to ""Catapult 2011 Celebration!"" Thursday, October 6 from 6:00 pm to 9:00 pm. Join us for our third annual... h ...","109658669486055424","15794397","2011-09-02 16:07:18 +0000","http://fb.me/RAIAevT6,http://fb.me/RAIAevT6"
"112287896597315584","","","2011-09-09 22:14:55 +0000","<a href=""http://twitter.com/#!/download/ipad"" rel=""nofollow"">Twitter for iPad</a>","Listening to Craig, the creator of Craigslist at #SOCAP11! A self-proclaimed nerd...love it!","","","",""
"111864013960392704","","","2011-09-08 18:10:33 +0000","web","Country dev'ing largest wind farm, already the largest geothermal source, & is the seed mkt for a solar laptop:Kenya! http://t.co/QQy7r1E","","","","http://www.renewableenergyworld.com/rea/news/article/2011/09/for-large-companies-kenya-represents-fertile-ground?cmpid=SolarNL-Thursday-September8-2011"
"111580470453604352","","","2011-09-07 23:23:51 +0000","<a href=""http://twitter.com/#!/download/ipad"" rel=""nofollow"">Twitter for iPad</a>","Loving SOCAP! #SOCAP11 Almost the end of a wonderful Day 1! Only two days left???","","","",""
"111179378012073985","","","2011-09-06 20:50:03 +0000","<a href=""http://twitter.com/#!/download/ipad"" rel=""nofollow"">Twitter for iPad</a>","RT @Stima_Systems: Unofficial SOCAP beer event for all energy entrepreneurs tonight, 8pm, at The Tempest on 431 Natoma St.  Leaving from ...","111152922175352832","256657660","2011-09-06 19:04:56 +0000",""
"109892644351639553","","","2011-09-03 07:37:02 +0000","<a href=""http://social.verticalresponse.com/"" rel=""nofollow"">VerticalResponse Social</a>","Stand-up comedy informs product design - loving Fast Company right now. http://t.co/HwbuYYt","","","","http://bit.ly/rdn4ZP"
"109762360905965569","","15593826","2011-09-02 22:59:20 +0000","<a href=""http://twitter.com/#!/download/ipad"" rel=""nofollow"">Twitter for iPad</a>","@heatherfleming Thanks chica!","","","",""
"109143509008793600","","","2011-09-01 06:00:14 +0000","<a href=""http://social.verticalresponse.com/"" rel=""nofollow"">VerticalResponse Social</a>","Do you consider yourself an electrical engineer version of MacGyver? Angaza Design wants to hear from you! http://t.co/X7Vpw6v","","","","http://bit.ly/qx82Vm"
"108405684038680578","108303609334218752","32377320","2011-08-30 05:08:23 +0000","<a href=""http://twitter.com/#!/download/ipad"" rel=""nofollow"">Twitter for iPad</a>","@Solar_Sister Not trying an Angaza light as well for the power outage?? ;P #nopowerinRI","","","",""
"107561847019937792","","","2011-08-27 21:15:17 +0000","<a href=""http://social.verticalresponse.com/"" rel=""nofollow"">VerticalResponse Social</a>","Another excellent solar light industry rundown by Yotam Ariel http://t.co/ptBWGrg","","","","http://bit.ly/oymJx5"
"107261625597313026","","","2011-08-27 01:22:19 +0000","<a href=""http://social.verticalresponse.com/"" rel=""nofollow"">VerticalResponse Social</a>","Angaza begins shipment of SoLite-1! Press release for your viewing pleasure... http://t.co/BlcZrPB","","","","http://bit.ly/oZDdiQ"
"107252329912348672","","","2011-08-27 00:45:22 +0000","<a href=""http://twitter.com/tweetbutton"" rel=""nofollow"">Tweet Button</a>","I'm attending SOCAP11! My Pathable profile: http://t.co/NJZrQZ3 Let me know if you'll be there too, as I'd love to connect! #SOCAP11","","","","http://bit.ly/opymim"
"106804862951501824","106803924979294208","208054507","2011-08-25 19:07:18 +0000","<a href=""http://twitter.com/#!/download/ipad"" rel=""nofollow"">Twitter for iPad</a>","@Give2GetJobs Ya, I feel ya! VERY expensive. Will attempt to share exciting events/thoughts/speakers through Twitter!","","","",""
"106513195539251200","","","2011-08-24 23:48:19 +0000","<a href=""http://twitter.com/#!/download/ipad"" rel=""nofollow"">Twitter for iPad</a>","About to take the financial plunge and buy a SOCAP ticket...let me know if you'll be there too! #SOCAP11 #socent","","","",""
"106082123953352705","","","2011-08-23 19:15:23 +0000","web","Angaza Design is hiring a Director of Electrical Engineering to join our team in San Francisco! http://t.co/t9wLcen","","","","http://www.angazadesign.com/files/Angaza-Design_DirectorofEngineering-EE.pdf"
"104618741379239937","","","2011-08-19 18:20:26 +0000","web","RT @kiwanja: R/T @ksjhalla Building tech is easy. Building process, intrinsic incentives & community is what every techie must grapple with.","104616144308146176","11991612","2011-08-19 18:10:07 +0000",""
"104599266802139137","","","2011-08-19 17:03:03 +0000","web","RT @iftf: 13-Year-Old Makes Solar Power Breakthrough by Harnessing the Fibonacci Sequence - http://t.co/LCV3Zia #TechTYF #AltEnergy #Kid ...","104331138746683392","14620544","2011-08-18 23:17:36 +0000","http://bit.ly/pdT71N,http://bit.ly/pdT71N"
"104017279234215936","","","2011-08-18 02:30:26 +0000","<a href=""http://social.verticalresponse.com/"" rel=""nofollow"">VerticalResponse Social</a>","""...the future really is ours to create, in a world we dare to imagine together"" Just finished #thebluesweater and loved it! @acumenfund","","","",""
"103905364390588416","","9017382","2011-08-17 19:05:43 +0000","web","@whiteafrican Seems like the contact form on your website is down, can Angaza reach out to you via email?","","","",""
"103880609901985792","","","2011-08-17 17:27:22 +0000","web","RT @Catapult_Design: Most valuable company in the world? Lessons we can learn from Apple in the BoP product and service industry.... htt ...","103877886842372096","15794397","2011-08-17 17:16:32 +0000","http://fb.me/1c1R3UCI3,http://fb.me/1c1R3UCI3"
"103880104677085188","","197378295","2011-08-17 17:25:21 +0000","web","@yuKenya Is there a corporate email address for general inquiries? I don't see one on the 'Contact Us' page of your website...","","","",""
"103520299735199744","","","2011-08-16 17:35:37 +0000","<a href=""http://social.verticalresponse.com/"" rel=""nofollow"">VerticalResponse Social</a>","Some talented folks working on addressing the $1 trillion energy market in the BoP, including our very own CEO! http://t.co/rEsyfiQ","","","","http://bit.ly/pYzrK5"
"103511959818866688","","","2011-08-16 17:02:29 +0000","<a href=""http://twitter.com/#!/download/ipad"" rel=""nofollow"">Twitter for iPad</a>","GSBI morning session: Micro-franchising by Jason Fairbourne...replicable for-profit economic solutions to alleviate poverty! #bop #socent","","","",""
"102626323079512064","","","2011-08-14 06:23:16 +0000","<a href=""http://social.verticalresponse.com/"" rel=""nofollow"">VerticalResponse Social</a>","""the ability to address societal issues is integral to profit maximization instead of treated outside the profit model…http://t.co/2QMakvc","","","","http://bit.ly/o4S3Aw"
"102137376389865472","","","2011-08-12 22:00:22 +0000","<a href=""http://social.verticalresponse.com/"" rel=""nofollow"">VerticalResponse Social</a>","BoP Success Fridays: Grameen Shakti in Bangladesh http://t.co/cij7Ild","","","","http://bit.ly/roaJMV"
"102109515620696064","102094168058376192","15794397","2011-08-12 20:09:40 +0000","web","@Catapult_Design Thanks for the love!","","","",""
"101918005243543552","","","2011-08-12 07:28:40 +0000","<a href=""http://social.verticalresponse.com/"" rel=""nofollow"">VerticalResponse Social</a>","For the first time ever, the Angaza SoLite is available for direct sale in the US!  http://amzn.to/oFUbnX","","","",""
"101148304594845696","","","2011-08-10 04:30:09 +0000","<a href=""http://social.verticalresponse.com/"" rel=""nofollow"">VerticalResponse Social</a>","The concept of micro-lending started in 1976 with a loan of $27 to 42 villagers. 7 years later, @grameenbank was born. http://bit.ly/ntMG2q","","","",""
"101125886186762240","","","2011-08-10 03:01:04 +0000","<a href=""http://social.verticalresponse.com/"" rel=""nofollow"">VerticalResponse Social</a>","Sundays: Best thought leadership piece of the prev. week; Tuesdays: Interesting statistic; Fridays: Article about a successful BoP company","","","",""
"101125422607114240","","","2011-08-10 02:59:14 +0000","<a href=""http://social.verticalresponse.com/"" rel=""nofollow"">VerticalResponse Social</a>","In an effort to better contribute to the thought leadership of BoP space, Angaza is organizing a new social media strategy! Details next....","","","",""
"100718070607265792","","9017382","2011-08-09 00:00:33 +0000","web","@whiteafrican Your website contact form doesn't seem to be working. We'd like to reach out!","","","",""
"96744284220428289","","","2011-07-29 00:50:09 +0000","<a href=""http://twitter.com/#!/download/ipad"" rel=""nofollow"">Twitter for iPad</a>","Very excited to be participating in the Global Social Benefit Incubator program in a week! Can't wait to meet the fellow socents! #socent","","","",""
"95523812443045889","","","2011-07-25 16:00:26 +0000","<a href=""http://social.verticalresponse.com/"" rel=""nofollow"">VerticalResponse Social</a>","#NYT video covers the emergence of solar LED lights in Kenya, and their effects http://bit.ly/prtJaj","","","",""
"95328687959977984","","","2011-07-25 03:05:04 +0000","<a href=""http://social.verticalresponse.com/"" rel=""nofollow"">VerticalResponse Social</a>","Conspicuous consumption of the top of the pyramid in Africa is breeding anger at the bottom. Great piece from the #NYT http://bit.ly/qPg2rR","","","",""
"94531871605669888","","","2011-07-22 22:18:49 +0000","web","RT @NextBillion: Via @IDBnews Beyond BASE: The Needs Are Here Now, So Are the Markets, new themes of #BoPbiz emerging http://cot.ag/nHPk ...","93677346921512960","26857202","2011-07-20 13:43:14 +0000",""
"93421876721889280","","","2011-07-19 20:48:05 +0000","<a href=""http://social.verticalresponse.com/"" rel=""nofollow"">VerticalResponse Social</a>","Angaza is officially San Franciscan! What a beautiful and effortless place to make it official: SF City Hall http://on.fb.me/pbz6ok","","","",""
"93005905184030720","","","2011-07-18 17:15:10 +0000","<a href=""http://social.verticalresponse.com/"" rel=""nofollow"">VerticalResponse Social</a>","Cutting maternity fees in SL is saving lives but a long-term solution to $, staff, & electricity is needed! Got an ide…http://bit.ly/nNT0WK","","","",""
"91766702613856256","","","2011-07-15 07:11:01 +0000","<a href=""http://social.verticalresponse.com/"" rel=""nofollow"">VerticalResponse Social</a>","""For an industry with as much momentum as solar, it’s a healthy reminder that only 1% of US electricity is solar"" http://bit.ly/n2CCt5","","","",""
"90649685085274112","","","2011-07-12 05:12:23 +0000","web","Rising diesel prices, rent-able solar lanterns, and watching solar-powered TV: Bottom-up solar solutions in Cambodia! http://t.co/y5PBkFb","","","","http://www.renewableenergyworld.com/rea/news/article/2011/04/off-grid-solar-solutions-shine-in-low-income-rural-cambodia"
"90286072466116608","","","2011-07-11 05:07:31 +0000","web","""Developing nations spent more on renewable energy utility projects, $72 billion, than developed ones, at $70 billion."" http://t.co/QaLGq8x","","","","http://www.usatoday.com/money/industries/energy/2011-07-07-green-energy-spending_n.htm"
"75594576873795584","","84703088","2011-05-31 16:08:46 +0000","web","@ellejel from @NextBillion covers the distribution strategy of Angaza & offers 3 important takeaways for any @BopBiz: http://bit.ly/mw8AeH","","","",""
"71642397095895041","","","2011-05-20 18:24:13 +0000","<a href=""http://twitter.com/#!/download/ipad"" rel=""nofollow"">Twitter for iPad</a>","Well said @Catapult_Design!: ""Too much focus on making products affordable, not enough on re-thinking financing."" We agree!","","","",""
"66675848970903553","","","2011-05-07 01:28:55 +0000","<a href=""http://twitter.com/#!/download/ipad"" rel=""nofollow"">Twitter for iPad</a>","Great to read about the awesome initiatives at the 2011 Sankalp Forum...but really? Where are all the female award winners?","","","",""
"65173536016314368","","","2011-05-02 21:59:16 +0000","<a href=""http://twitter.com/#!/download/ipad"" rel=""nofollow"">Twitter for iPad</a>","One thing I'll miss when we move into real office space? Coffee shop ambience, and the random conversations of strangers next to you!","","","",""
"63343261867188226","","","2011-04-27 20:46:25 +0000","<a href=""http://twitter.com/#!/download/ipad"" rel=""nofollow"">Twitter for iPad</a>","Excited to be part of GSBI 2011! “@socialedge: These 20 social entrepreneurs will change the world: GSBI Class of 2011 http://t.co/KyBHbYp""","","","","http://ow.ly/4Ih9J"
"58589415349559296","","","2011-04-14 17:56:19 +0000","<a href=""http://twitter.com/#!/download/ipad"" rel=""nofollow"">Twitter for iPad</a>","Thanks Yoga! Rock on. “@indrayudha: I just invested in Angaza Design on 33needs. Here's how you can too. http://t.co/gLNCi2v""","","","","http://www.33needs.com/ventures/angaza-design?sms_ss=twitter&at_xt=4da51bd5cf01e86b,0"
"56047523885875200","","5520332","2011-04-07 17:35:45 +0000","web","@msuster Angaza Design is a for-profit venture bringing clean and affordable energy to the developing world!  http://www.angazadesign.com","","","",""
"53582405029728257","","","2011-03-31 22:20:15 +0000","<a href=""http://twitter.com/#!/download/ipad"" rel=""nofollow"">Twitter for iPad</a>","Thanks @joshtetrick and @33needs! Great, In-depth article about the what/why of @angazadesign http://t.co/FEGjwFs #socent #crowdfunding","","","","http://ow.ly/4qJgQ"
"51075177240477696","","","2011-03-25 00:17:25 +0000","<a href=""http://twitter.com/#!/download/ipad"" rel=""nofollow"">Twitter for iPad</a>","Invest in Angaza. Bring light to East Africa. Change lives. Get 100% of your money back. Simple! 33needs.com/AVunTX @33needs #socent #bop","","","",""
"50315510272892928","","","2011-03-22 21:58:47 +0000","<a href=""http://twitter.com/#!/download/ipad"" rel=""nofollow"">Twitter for iPad</a>","Invest in Angaza. Bring light to East Africa. Change lives. Get 100% of your money back. It's that simple! www.33needs.com/AVunTX @33needs","","","",""
"49887235910275073","","","2011-03-21 17:36:58 +0000","<a href=""http://twitter.com/#!/download/ipad"" rel=""nofollow"">Twitter for iPad</a>","Thanks @Jon_Fant for the investment! We are at 11%! @33needs","","","",""
"49886812625309696","","","2011-03-21 17:35:17 +0000","<a href=""http://twitter.com/#!/download/ipad"" rel=""nofollow"">Twitter for iPad</a>","RT @Jon_Fant: @33needs Would like to see Angaza www.33needs.com/AVunTX get the funding they need.","49883445937176576","251844496","2011-03-21 17:21:54 +0000",""
"48874787719749632","","","2011-03-18 22:33:52 +0000","<a href=""http://twitter.com/#!/download/ipad"" rel=""nofollow"">Twitter for iPad</a>","Thank you for the investment!! It means so much that you've helped bring us closer to our goal! @sue_anne @33needs","","","",""
"48485025192230912","","","2011-03-17 20:45:05 +0000","<a href=""http://twitter.com/#!/download/ipad"" rel=""nofollow"">Twitter for iPad</a>","New offer terms for Angaza on @33needs ! 100% pay back on your investment! Visit http://t.co/mZaa0vb Help us illuminate the world! #socent","","","","http://bit.ly/f9O4CW"
"47854784727887872","","","2011-03-16 03:00:44 +0000","<a href=""http://twitter.com/#!/download/ipad"" rel=""nofollow"">Twitter for iPad</a>","Angaza is hiring a Director of Business Development! http://t.co/0dQHngS #socent #socialentrepreneurship #jobs","","","","http://angazadesign.com/dirbizdev.html"
"47027657354903552","","","2011-03-13 20:14:01 +0000","<a href=""http://twitter.com/#!/download/ipad"" rel=""nofollow"">Twitter for iPad</a>","Check out this awesome new crowd-funding platform: @33needs, and consider making an investment in Angaza! http://t.co/k1ayKJI","","","","http://www.33needs.com/ventures/angaza-design"
"32975005050478592","","","2011-02-03 01:33:48 +0000","<a href=""http://twitter.com/#!/download/ipad"" rel=""nofollow"">Twitter for iPad</a>","Off to Tanzania to meet with @EandCoEnergy, @BRACworld, and other inspiring organizations!","","","",""
"31884640054681600","","","2011-01-31 01:21:05 +0000","<a href=""http://twitter.com/#!/download/ipad"" rel=""nofollow"">Twitter for iPad</a>","Getting ready for my trip to Dar es Salaam and Arusha, Tanzania! Mission? Attract investment and build partnerships for Angaza! #socent #bop","","","",""
"22415459865333760","","","2011-01-04 22:13:56 +0000","<a href=""http://twitter.com/#!/download/ipad"" rel=""nofollow"">Twitter for iPad</a>","Congrats to Solar Sister (@solar_sister) on being selected as a semifinalist for the 2011 Echoing Green Fellowship!!","","","",""
"22349198959579136","","","2011-01-04 17:50:38 +0000","<a href=""http://twitter.com/#!/download/ipad"" rel=""nofollow"">Twitter for iPad</a>","RT @Solar_Sister: & @angazadesign collaboration profiled in Celebrating Progress Africa http://fb.me/Nrs4ER0X thanks @cpafrica @nmachiji ...","22333592575148032","32377320","2011-01-04 16:48:38 +0000",""
"20559024911028225","","","2010-12-30 19:17:08 +0000","web","Help Angaza and Solar Sister reach our goal of 200 solar lights by the end of 2010! www.angazadesign.com/give.html","","","",""
"14782219444813824","","","2010-12-14 20:42:10 +0000","web","Angaza has teamed up with Solar Sister to help Ugandan women entrepreneurs sell Angaza's solar lights! Donate today! http://bit.ly/eojWo8","","","",""
"11514168226086912","","","2010-12-05 20:16:06 +0000","web","New Angaza website is up and running!! Check it out: www.angazadesign.com Thanks @bcsilverthorn!!","","","",""
"14887577726","","","2010-05-28 00:00:00 +0000","<a href=""http://www.seesmic.com/"" rel=""nofollow"">Seesmic</a>","The final round of the BASES Social-E Challenge is Friday at Stanford in the Cypress Room in Tresidder, 1-4. Free and open to the public!","","","",""
"14917206209","","","2010-05-28 00:00:00 +0000","<a href=""http://www.seesmic.com/"" rel=""nofollow"">Seesmic</a>","Angaza pitches today at 2:30 for the final round of the BASES Social-E Challenge in the Cypress Room in Tresidder. Come watch us!","","","",""
"13774690393","","","2010-05-11 00:00:00 +0000","<a href=""http://www.seesmic.com/"" rel=""nofollow"">Seesmic</a>","Check out the Stanford Goat Project tomorrow 11-2 in White Plaza: http://goats.stanford.edu/. It benefits small businesses in rural Africa.","","","",""
"13473475057","","","2010-05-06 00:00:00 +0000","web","Angaza featured in Fast Company at the Stanford d.school's Beta Trade Show last week! http://bit.ly/8ZswYN","","","",""
"13403569287","","","2010-05-05 00:00:00 +0000","<a href=""http://www.seesmic.com/"" rel=""nofollow"">Seesmic</a>","You can read about Lesley and Bryan's experiences as they user test in Tanzania on Angaza's blog: http://angaza.wordpress.com","","","",""
"13291344540","","","2010-05-03 00:00:00 +0000","<a href=""http://www.seesmic.com/"" rel=""nofollow"">Seesmic</a>","Lesley and Bryan are on the ground in Arusha, Tanzania! They'll be there for the week doing user testing with our new prototypes.","","","",""
"13144894787","","","2010-04-30 00:00:00 +0000","<a href=""http://www.seesmic.com/"" rel=""nofollow"">Seesmic</a>","Angaza Design has been selected as a finalist in the BASES Social-E Challenge! http://bit.ly/aY0UU9","","","",""
"13088883346","","","2010-04-29 00:00:00 +0000","<a href=""http://www.seesmic.com/"" rel=""nofollow"">Seesmic</a>","Angaza is presenting our business plan today for the second round of the BASES Social-E Challege! http://bit.ly/aY0UU9","","","",""
"13092913198","","","2010-04-29 00:00:00 +0000","<a href=""http://www.seesmic.com/"" rel=""nofollow"">Seesmic</a>","Angaza will be at the Launchpad Trade Show this afternoon at the Stanford d.school. Come check us out between 4 and 6 in the lobby!","","","",""
"12718375242","","","2010-04-23 00:00:00 +0000","<a href=""http://www.seesmic.com/"" rel=""nofollow"">Seesmic</a>","Lesley is sitting on a panel at the 2010 BCSSA ""RISE"" Gala for social entrepreneurship at Berkeley on Sunday http://bit.ly/9DAf4J","","","",""
"12484960535","","","2010-04-20 00:00:00 +0000","<a href=""http://www.seesmic.com/"" rel=""nofollow"">Seesmic</a>","Bill Gates just asked the crowd at Stanford, ""Are the brightest minds working on the most important problems?"" At Angaza we think we are.","","","",""
"12435875963","","","2010-04-19 00:00:00 +0000","<a href=""http://www.seesmic.com/"" rel=""nofollow"">Seesmic</a>","Check us out on Facebook: http://www.facebook.com/AngazaDesign","","","",""
"12371406562","","","2010-04-18 00:00:00 +0000","web","We just bought our flights to return to Arusha, Tanzania in two weeks! We'll be user testing with our prototypes there again!","","","",""
"11790199500","","","2010-04-07 00:00:00 +0000","<a href=""http://itunes.apple.com/app/twitter/id333903271?mt=8"" rel=""nofollow"">Twitter for iPhone</a>","Angaza design at the Cool Product Expo! http://yfrog.com/5051ldj","","","",""
"10279196466","","","2010-03-10 00:00:00 +0000","web","Angaza has been selected as a semifinalist in the Stanford Social-E Challenge business plan competition!","","","",""
"9959234618","","","2010-03-04 00:00:00 +0000","web","Angaza has twitter!!","","","",""
"9989474287","","","2010-03-04 00:00:00 +0000","<a href=""http://itunes.apple.com/app/twitter/id333903271?mt=8"" rel=""nofollow"">Twitter for iPhone</a>","Angaza in the news: we won 2nd prize at Harvard's pitch for change competition! http://j.mp/90nRwJ","","","",""
